description,effective_domain_size,intersection_size,name,native,p_value,parents,precision,query,query_size,recall,significant,source,term_size
Factor: Smad3; motif: NGNCAGACASNNN; match class: 1,24964,817,Factor: Smad3; motif: NGNCAGACASNNN; match class: 1,TF:M01888_1,2.0522319734682104e-05,['TF:M01888'],0.0627447968666001,query_1,13021,0.5877697841726619,True,TF,1390
Factor: C-Myc; motif: NGCCACGTGNN,24964,3262,Factor: C-Myc; motif: NGCCACGTGNN,TF:M07601,7.096896084147477e-05,['TF:M00000'],0.25051839336456494,query_1,13021,0.5489734096263884,True,TF,5942
Factor: c-Myc:Max; motif: NNNNNNNCACGTGNNNNNNN; match class: 1,24964,3805,Factor: c-Myc:Max; motif: NNNNNNNCACGTGNNNNNNN; match class: 1,TF:M00615_1,0.00017909978069583166,['TF:M00615'],0.2922202595806774,query_1,13021,0.5452070497205903,True,TF,6979
Factor: c-Myc:Max; motif: NNNNNNNCACGTGNNNNNNN,24964,3805,Factor: c-Myc:Max; motif: NNNNNNNCACGTGNNNNNNN,TF:M00615,0.00017909978069583166,['TF:M00000'],0.2922202595806774,query_1,13021,0.5452070497205903,True,TF,6979
Factor: c-Myc:Max; motif: NNACCACGTGGTNN,24964,3691,Factor: c-Myc:Max; motif: NNACCACGTGGTNN,TF:M00118,0.000381252081047057,['TF:M00000'],0.2834651716458029,query_1,13021,0.5448774726896959,True,TF,6774
Factor: c-Myc:Max; motif: NNACCACGTGGTNN; match class: 1,24964,3691,Factor: c-Myc:Max; motif: NNACCACGTGGTNN; match class: 1,TF:M00118_1,0.000381252081047057,['TF:M00118'],0.2834651716458029,query_1,13021,0.5448774726896959,True,TF,6774
Factor: Pax-5; motif: RRMSWGANWYCTNRAGCGKRACSRYNSM; match class: 1,24964,2164,Factor: Pax-5; motif: RRMSWGANWYCTNRAGCGKRACSRYNSM; match class: 1,TF:M00144_1,0.0005034506943294136,['TF:M00144'],0.16619307272866907,query_1,13021,0.5541613316261204,True,TF,3905
Factor: Pax-8; motif: NCNNTNNTGCRTGANNNN,24964,8365,Factor: Pax-8; motif: NCNNTNNTGCRTGANNNN,TF:M00328,0.0019004150282089078,['TF:M00000'],0.6424237769756547,query_1,13021,0.5316174134095965,True,TF,15735
Factor: c-Myc; motif: KACCACGTGSYY; match class: 1,24964,1504,Factor: c-Myc; motif: KACCACGTGSYY; match class: 1,TF:M01154_1,0.00249118348403292,['TF:M01154'],0.11550572152676446,query_1,13021,0.5586924219910847,True,TF,2692
Factor: c-Myc:Max; motif: GCCAYGYGSN,24964,2125,Factor: c-Myc:Max; motif: GCCAYGYGSN,TF:M00322,0.0028868106316010445,['TF:M00000'],0.16319791106673834,query_1,13021,0.5515182974305736,True,TF,3853
Factor: C-Myc; motif: NGCCACGTGNN; match class: 1,24964,2118,Factor: C-Myc; motif: NGCCACGTGNN; match class: 1,TF:M07601_1,0.003998485071420961,['TF:M07601'],0.16266031794793026,query_1,13021,0.5509885535900104,True,TF,3844
Factor: Pax-5; motif: RRMSWGANWYCTNRAGCGKRACSRYNSM,24964,6323,Factor: Pax-5; motif: RRMSWGANWYCTNRAGCGKRACSRYNSM,TF:M00144,0.00447955765356925,['TF:M00000'],0.48560018431764074,query_1,13021,0.5347145877378435,True,TF,11825
Factor: Max; motif: NNANCACGTGNTNN,24964,4220,Factor: Max; motif: NNANCACGTGNTNN,TF:M00119,0.005577200282651812,['TF:M00000'],0.3240918516242992,query_1,13021,0.539779994883602,True,TF,7818
Factor: Max; motif: NNANCACGTGNTNN; match class: 1,24964,4220,Factor: Max; motif: NNANCACGTGNTNN; match class: 1,TF:M00119_1,0.005577200282651812,['TF:M00119'],0.3240918516242992,query_1,13021,0.539779994883602,True,TF,7818
Factor: HNF3; motif: NWRARYAAAYANN,24964,6671,Factor: HNF3; motif: NWRARYAAAYANN,TF:M00791,0.006287836057167348,['TF:M00000'],0.5123262422240995,query_1,13021,0.5337654024643943,True,TF,12498
Factor: HNF3A; motif: RWGTAAACAN; match class: 1,24964,2224,Factor: HNF3A; motif: RWGTAAACAN; match class: 1,TF:M01261_1,0.006418255979896961,['TF:M01261'],0.17080101374702403,query_1,13021,0.5492714250432206,True,TF,4049
Factor: SMAD3; motif: TGTCTGTCT,24964,2798,Factor: SMAD3; motif: TGTCTGTCT,TF:M00701,0.012562778439291307,['TF:M00000'],0.21488364948928654,query_1,13021,0.544463903483168,True,TF,5139
Factor: Myc; motif: CACGTGS,24964,2111,Factor: Myc; motif: CACGTGS,TF:M00799,0.013555147344518218,['TF:M00000'],0.16212272482912218,query_1,13021,0.548739277358981,True,TF,3847
Factor: c-Myc; motif: RACCACGTGCTC,24964,2770,Factor: c-Myc; motif: RACCACGTGCTC,TF:M01145,0.014143653563102368,['TF:M00000'],0.21273327701405423,query_1,13021,0.5444182389937107,True,TF,5088
Factor: Freac-4; motif: CTWAWGTAAACANWGN; match class: 1,24964,1670,Factor: Freac-4; motif: CTWAWGTAAACANWGN; match class: 1,TF:M00292_1,0.03527080596270935,['TF:M00292'],0.1282543583442132,query_1,13021,0.5506099571381471,True,TF,3033
Factor: MyoD; motif: CASCTGNCN,24964,598,Factor: MyoD; motif: CASCTGNCN,TF:M02100,0.03570885091597657,['TF:M00000'],0.045925812149604485,query_1,13021,0.573346116970278,True,TF,1043
Factor: HNF3; motif: NNNNNTRTTTRYTYWNKN,24964,4187,Factor: HNF3; motif: NNNNNTRTTTRYTYWNKN,TF:M01012,0.052506187810521125,['TF:M00000'],0.321557484064204,query_1,13021,0.5370702924576706,False,TF,7796
Factor: Smad3; motif: NGNCAGACASNNN,24964,3025,Factor: Smad3; motif: NGNCAGACASNNN,TF:M01888,0.05443797817070673,['TF:M00000'],0.23231702634206283,query_1,13021,0.5409513590844063,False,TF,5592
Factor: c-Myc; motif: CACGTGGC; match class: 1,24964,644,Factor: c-Myc; motif: CACGTGGC; match class: 1,TF:M03867_1,0.06253958771393545,['TF:M03867'],0.04945856693034329,query_1,13021,0.568904593639576,False,TF,1132
Factor: c-Myc; motif: RACCACGTGCTC; match class: 1,24964,1774,Factor: c-Myc; motif: RACCACGTGCTC; match class: 1,TF:M01145_1,0.06350232067363697,['TF:M01145'],0.1362414561093618,query_1,13021,0.5482076637824475,False,TF,3236
Factor: Ebox; motif: NCACSTGNCN,24964,949,Factor: Ebox; motif: NCACSTGNCN,TF:M01034,0.0661968693716536,['TF:M00000'],0.07288226710698104,query_1,13021,0.5595518867924528,False,TF,1696
Factor: ARNTLIKE; motif: NNNSCACGTG,24964,2322,Factor: ARNTLIKE; motif: NNNSCACGTG,TF:M08868,0.07290488580494991,['TF:M00000'],0.17832731741033714,query_1,13021,0.5439212930428672,False,TF,4269
Factor: HNF3alpha; motif: TRTTTGYTYWN,24964,5461,Factor: HNF3alpha; motif: TRTTTGYTYWN,TF:M00724,0.08247255262740524,['TF:M00000'],0.4193994316872744,query_1,13021,0.5336134453781513,False,TF,10234
Factor: c-Myc; motif: KACCACGTGSYY,24964,2350,Factor: c-Myc; motif: KACCACGTGSYY,TF:M01154,0.11273102990525012,['TF:M00000'],0.18047768988556948,query_1,13021,0.5428505428505429,False,TF,4329
Factor: HNF3; motif: NWRARYAAAYANN; match class: 1,24964,2589,Factor: HNF3; motif: NWRARYAAAYANN; match class: 1,TF:M00791_1,0.1312888543800944,['TF:M00791'],0.19883265494201674,query_1,13021,0.5412920761028643,False,TF,4783
Factor: HNF3A; motif: RWGTAAACAN,24964,6536,Factor: HNF3A; motif: RWGTAAACAN,TF:M01261,0.20532948345799143,['TF:M00000'],0.5019583749328008,query_1,13021,0.5308641975308642,False,TF,12312
Factor: Pitx3; motif: GGATTANNNNY,24964,260,Factor: Pitx3; motif: GGATTANNNNY,TF:M07392,0.3215088709279999,['TF:M00000'],0.019967744412871514,query_1,13021,0.5869074492099323,False,TF,443
Factor: SMAD3; motif: TGTCTGTCT; match class: 1,24964,671,Factor: SMAD3; motif: TGTCTGTCT; match class: 1,TF:M00701_1,0.5108235618006248,['TF:M00701'],0.05153214038860303,query_1,13021,0.5582362728785357,False,TF,1202
Factor: SMAD4; motif: GKSRKKCAGMCANCY; match class: 1,24964,590,Factor: SMAD4; motif: GKSRKKCAGMCANCY; match class: 1,TF:M00733_1,0.5715705999799583,['TF:M00733'],0.04531142001382382,query_1,13021,0.560303893637227,False,TF,1053
Factor: Freac-4; motif: CTWAWGTAAACANWGN,24964,5688,Factor: Freac-4; motif: CTWAWGTAAACANWGN,TF:M00292,0.5980717129482592,['TF:M00000'],0.4368328085400507,query_1,13021,0.5308446103593094,False,TF,10715
Factor: p53; motif: NGRCWTGYCY,24964,1817,Factor: p53; motif: NGRCWTGYCY,TF:M00272,0.7309799262412213,['TF:M00000'],0.13954381383918285,query_1,13021,0.5414183551847438,False,TF,3356
Factor: CLOCKBMAL; motif: NNNWCACGTGGN,24964,694,Factor: CLOCKBMAL; motif: NNNWCACGTGGN,TF:M08869,0.7489062354158041,['TF:M00000'],0.05329851777897243,query_1,13021,0.55564451561249,False,TF,1249
Factor: c-Myc:Max; motif: NANCACGTGNNW,24964,3103,Factor: c-Myc:Max; motif: NANCACGTGNNW,TF:M00123,0.7491892533592145,['TF:M00000'],0.2383073496659243,query_1,13021,0.5357389502762431,False,TF,5792
Factor: p53; motif: NGRCWTGYCY; match class: 1,24964,708,Factor: p53; motif: NGRCWTGYCY; match class: 1,TF:M00272_1,0.8841849442531766,['TF:M00272'],0.05437370401658859,query_1,13021,0.5544244322631167,False,TF,1277
Factor: p53; motif: GGACATGYYCGGACATGYYC; match class: 1,24964,593,Factor: p53; motif: GGACATGYYCGGACATGYYC; match class: 1,TF:M01655_1,1.0,['TF:M01655'],0.04554181706474157,query_1,13021,0.5304114490161002,False,TF,1118
Factor: MyoD; motif: CNGNRNCAGGTGNNGNAN; match class: 1,24964,12,Factor: MyoD; motif: CNGNRNCAGGTGNNGNAN; match class: 1,TF:M00929_1,1.0,['TF:M00929'],0.000921588203670993,query_1,13021,0.6666666666666666,False,TF,18
Factor: MyoD; motif: CASCTGNCN; match class: 1,24964,39,Factor: MyoD; motif: CASCTGNCN; match class: 1,TF:M02100_1,1.0,['TF:M02100'],0.0029951616619307273,query_1,13021,0.6290322580645161,False,TF,62
Factor: Pax-9; motif: RWKACSCANNGNKGMGTGRCSACC,24964,14,Factor: Pax-9; motif: RWKACSCANNGNKGMGTGRCSACC,TF:M00329,1.0,['TF:M00000'],0.0010751862376161584,query_1,13021,0.56,False,TF,25
Factor: Pax-8; motif: NCNNTNNTGCRTGANNNN; match class: 1,24964,3677,Factor: Pax-8; motif: NCNNTNNTGCRTGANNNN; match class: 1,TF:M00328_1,1.0,['TF:M00328'],0.28238998540818677,query_1,13021,0.5298270893371758,False,TF,6940
Factor: p53; motif: RGRCAWGNCY,24964,1335,Factor: p53; motif: RGRCAWGNCY,TF:M00761,1.0,['TF:M00000'],0.10252668765839797,query_1,13021,0.5363599839292889,False,TF,2489
Factor: p53; motif: RGRCAWGNCY; match class: 1,24964,131,Factor: p53; motif: RGRCAWGNCY; match class: 1,TF:M00761_1,1.0,['TF:M00761'],0.01006067122340834,query_1,13021,0.5796460176991151,False,TF,226
Factor: Pax-6; motif: CTGACCTGGAACTM; match class: 1,24964,417,Factor: Pax-6; motif: CTGACCTGGAACTM; match class: 1,TF:M00979_1,1.0,['TF:M00979'],0.03202519007756701,query_1,13021,0.5245283018867924,False,TF,795
Factor: p53; motif: GGACATGCCCGGGCATGTCY,24964,1440,Factor: p53; motif: GGACATGCCCGGGCATGTCY,TF:M00034,1.0,['TF:M00000'],0.11059058444051915,query_1,13021,0.5337286879169756,False,TF,2698
Factor: Pax-6; motif: CTGACCTGGAACTM,24964,3019,Factor: Pax-6; motif: CTGACCTGGAACTM,TF:M00979,1.0,['TF:M00000'],0.23185623224022733,query_1,13021,0.5191745485812553,False,TF,5815
Factor: Pax-6; motif: NNNNTTCACGCWTGANTKNNN; match class: 1,24964,8882,Factor: Pax-6; motif: NNNNTTCACGCWTGANTKNNN; match class: 1,TF:M00097_1,1.0,['TF:M00097'],0.68212886875048,query_1,13021,0.5232092365692743,False,TF,16976
Factor: Pax-5; motif: RRNGRNGCAN; match class: 1,24964,344,Factor: Pax-5; motif: RRNGRNGCAN; match class: 1,TF:M03577_1,1.0,['TF:M03577'],0.026418861838568466,query_1,13021,0.48863636363636365,False,TF,704
Factor: p53; motif: GGACATGYYCGGACATGYYC,24964,2476,Factor: p53; motif: GGACATGYYCGGACATGYYC,TF:M01655,1.0,['TF:M00000'],0.1901543660241149,query_1,13021,0.5255784334536192,False,TF,4711
Factor: Pax-5; motif: RRNGRNGCAN,24964,2837,Factor: Pax-5; motif: RRNGRNGCAN,TF:M03577,1.0,['TF:M00000'],0.21787881115121727,query_1,13021,0.5248843663274746,False,TF,5405
Factor: p53; motif: GGACATGCCCGGGCATGTCY; match class: 1,24964,855,Factor: p53; motif: GGACATGCCCGGGCATGTCY; match class: 1,TF:M00034_1,1.0,['TF:M00034'],0.06566315951155825,query_1,13021,0.527452190006169,False,TF,1621
Factor: Pax-5; motif: BCNNNRNGCANBGNTGNRTAGCSGCHNB; match class: 1,24964,510,Factor: Pax-5; motif: BCNNNRNGCANBGNTGNRTAGCSGCHNB; match class: 1,TF:M00143_1,1.0,['TF:M00143'],0.0391674986560172,query_1,13021,0.5396825396825397,False,TF,945
Factor: Pax-5; motif: BCNNNRNGCANBGNTGNRTAGCSGCHNB,24964,3219,Factor: Pax-5; motif: BCNNNRNGCANBGNTGNRTAGCSGCHNB,TF:M00143,1.0,['TF:M00000'],0.24721603563474387,query_1,13021,0.5334769638713954,False,TF,6034
Factor: Pax-2; motif: CAYSCCTSAGT; match class: 1,24964,66,Factor: Pax-2; motif: CAYSCCTSAGT; match class: 1,TF:M03839_1,1.0,['TF:M03839'],0.005068735120190461,query_1,13021,0.5116279069767442,False,TF,129
Factor: Pax-2; motif: CAYSCCTSAGT,24964,1120,Factor: Pax-2; motif: CAYSCCTSAGT,TF:M03839,1.0,['TF:M00000'],0.08601489900929268,query_1,13021,0.506558118498417,False,TF,2211
Factor: P53; motif: NNNNNACAWGCCYNNN; match class: 1,24964,26,Factor: P53; motif: NNNNNACAWGCCYNNN; match class: 1,TF:M07054_1,1.0,['TF:M07054'],0.0019967744412871516,query_1,13021,0.52,False,TF,50
Factor: P53; motif: RGRCATGYCYRGRCATGYYY,24964,1451,Factor: P53; motif: RGRCATGYCYRGRCATGYYY,TF:M01651,1.0,['TF:M00000'],0.11143537362721757,query_1,13021,0.5154529307282416,False,TF,2815
Factor: P53; motif: RGRCATGYCYRGRCATGYYY; match class: 1,24964,1250,Factor: P53; motif: RGRCATGYCYRGRCATGYYY; match class: 1,TF:M01651_1,1.0,['TF:M01651'],0.09599877121572843,query_1,13021,0.5139802631578947,False,TF,2432
Factor: p53; motif: RGRCWWGYCYNGRCWWGYYY; match class: 1,24964,902,Factor: p53; motif: RGRCWWGYCYNGRCWWGYYY; match class: 1,TF:M01652_1,1.0,['TF:M01652'],0.06927271330926964,query_1,13021,0.5216888374783112,False,TF,1729
Factor: P53; motif: NNNNNACAWGCCYNNN,24964,624,Factor: P53; motif: NNNNNACAWGCCYNNN,TF:M07054,1.0,['TF:M00000'],0.04792258659089164,query_1,13021,0.5445026178010471,False,TF,1146
Factor: Pax-6; motif: NNNNTTCACGCWTGANTKNNN,24964,11683,Factor: Pax-6; motif: NNNNTTCACGCWTGANTKNNN,TF:M00097,1.0,['TF:M00000'],0.8972429152906842,query_1,13021,0.5219586293168923,False,TF,22383
Factor: p53; motif: RGRCWWGYCYNGRCWWGYYY,24964,1651,Factor: p53; motif: RGRCWWGYCYNGRCWWGYYY,TF:M01652,1.0,['TF:M00000'],0.12679517702173412,query_1,13021,0.5159375,False,TF,3200
Transfac,24964,13021,Transfac,TF:M00000,1.0,[],1.0,query_1,13021,0.5215910911712867,False,TF,24964
Factor: PEA3; motif: ACWTCCK; match class: 1,24964,1127,Factor: PEA3; motif: ACWTCCK; match class: 1,TF:M00655_1,1.0,['TF:M00655'],0.08655249212810076,query_1,13021,0.5251630941286114,False,TF,2146
Factor: Smad4; motif: TGTCTGN; match class: 1,24964,623,Factor: Smad4; motif: TGTCTGN; match class: 1,TF:M01889_1,1.0,['TF:M01889'],0.04784578757391905,query_1,13021,0.5356835769561479,False,TF,1163
Factor: SMAD; motif: TGTCTGNNN,24964,2573,Factor: SMAD; motif: TGTCTGNNN,TF:M08897,1.0,['TF:M00000'],0.19760387067045543,query_1,13021,0.5231801545343636,False,TF,4918
Factor: SMAD; motif: TGTCTGNNN; match class: 1,24964,357,Factor: SMAD; motif: TGTCTGNNN; match class: 1,TF:M08897_1,1.0,['TF:M08897'],0.027417249059212043,query_1,13021,0.5604395604395604,False,TF,637
Factor: SMAD; motif: AGACNBCNN,24964,1409,Factor: SMAD; motif: AGACNBCNN,TF:M00792,1.0,['TF:M00000'],0.1082098149143691,query_1,13021,0.5142335766423358,False,TF,2740
Factor: SMAD; motif: AGACNBCNN; match class: 1,24964,99,Factor: SMAD; motif: AGACNBCNN; match class: 1,TF:M00792_1,1.0,['TF:M00792'],0.007603102680285692,query_1,13021,0.532258064516129,False,TF,186
Factor: SMAD; motif: TNGNCAGACWN,24964,4352,Factor: SMAD; motif: TNGNCAGACWN,TF:M00974,1.0,['TF:M00000'],0.33422932186468013,query_1,13021,0.5217599808176477,False,TF,8341
Factor: SMAD; motif: TNGNCAGACWN; match class: 1,24964,1091,Factor: SMAD; motif: TNGNCAGACWN; match class: 1,TF:M00974_1,1.0,['TF:M00974'],0.08378772751708778,query_1,13021,0.5342801175318316,False,TF,2042
Factor: Sox-10; motif: ACAAWGNN,24964,1813,Factor: Sox-10; motif: ACAAWGNN,TF:M07338,1.0,['TF:M00000'],0.13923661777129254,query_1,13021,0.5038910505836576,False,TF,3598
Factor: Sox-10; motif: ACAAWGNN; match class: 1,24964,147,Factor: Sox-10; motif: ACAAWGNN; match class: 1,TF:M07338_1,1.0,['TF:M07338'],0.011289455494969665,query_1,13021,0.4696485623003195,False,TF,313
Factor: SOX; motif: NNNNCWTTGTT,24964,1810,Factor: SOX; motif: NNNNCWTTGTT,TF:M08899,1.0,['TF:M00000'],0.13900622072037477,query_1,13021,0.5041782729805014,False,TF,3590
Factor: SOX; motif: NNNNCWTTGTT; match class: 1,24964,167,Factor: SOX; motif: NNNNCWTTGTT; match class: 1,TF:M08899_1,1.0,['TF:M08899'],0.01282543583442132,query_1,13021,0.5154320987654321,False,TF,324
Factor: SRF; motif: CNKNKCCTTATWTGGNNNN,24964,185,Factor: SRF; motif: CNKNKCCTTATWTGGNNNN,TF:M01007,1.0,['TF:M00000'],0.01420781813992781,query_1,13021,0.5589123867069486,False,TF,331
Factor: SRF; motif: CNKNKCCTTATWTGGNNNN; match class: 1,24964,9,Factor: SRF; motif: CNKNKCCTTATWTGGNNNN; match class: 1,TF:M01007_1,1.0,['TF:M01007'],0.0006911911527532448,query_1,13021,0.45,False,TF,20
Factor: TCF-3; motif: NCTTTGWTNTKYW,24964,5010,Factor: TCF-3; motif: NCTTTGWTNTKYW,TF:M01594,1.0,['TF:M00000'],0.38476307503263957,query_1,13021,0.5052440500201695,False,TF,9916
Factor: TCF-3; motif: NCTTTGWTNTKYW; match class: 1,24964,1190,Factor: TCF-3; motif: NCTTTGWTNTKYW; match class: 1,TF:M01594_1,1.0,['TF:M01594'],0.09139083019737347,query_1,13021,0.49173553719008267,False,TF,2420
Factor: TCF-3; motif: CTTTGA,24964,9705,Factor: TCF-3; motif: CTTTGA,TF:M03858,1.0,['TF:M00000'],0.7453344597189155,query_1,13021,0.5174344209852847,False,TF,18756
Factor: TCF-3; motif: CTTTGA; match class: 1,24964,5248,Factor: TCF-3; motif: CTTTGA; match class: 1,TF:M03858_1,1.0,['TF:M03858'],0.40304124107211425,query_1,13021,0.5140058765915769,False,TF,10210
Factor: TCF3; motif: DCATCAAAGB,24964,2336,Factor: TCF3; motif: DCATCAAAGB,TF:M08901,1.0,['TF:M00000'],0.1794025036479533,query_1,13021,0.5238842789863198,False,TF,4459
Factor: TCF3; motif: DCATCAAAGB; match class: 1,24964,219,Factor: TCF3; motif: DCATCAAAGB; match class: 1,TF:M08901_1,1.0,['TF:M08901'],0.01681898471699562,query_1,13021,0.5165094339622641,False,TF,424
Factor: Smad4; motif: TGTCTGN,24964,3531,Factor: Smad4; motif: TGTCTGN,TF:M01889,1.0,['TF:M00000'],0.2711773289301897,query_1,13021,0.5134506325432602,False,TF,6877
Factor: PEA3; motif: ACWTCCK,24964,4862,Factor: PEA3; motif: ACWTCCK,TF:M00655,1.0,['TF:M00000'],0.37339682052069734,query_1,13021,0.5216738197424893,False,TF,9320
Factor: SMAD4; motif: GKSRKKCAGMCANCY,24964,2637,Factor: SMAD4; motif: GKSRKKCAGMCANCY,TF:M00733,1.0,['TF:M00000'],0.2025190077567007,query_1,13021,0.5341300384849099,False,TF,4937
Factor: Smad4; motif: NCAGACAN,24964,1964,Factor: Smad4; motif: NCAGACAN,TF:M07368,1.0,['TF:M00000'],0.15083326933415253,query_1,13021,0.527389903329753,False,TF,3724
Factor: PEA3; motif: AGGAAGT,24964,2763,Factor: PEA3; motif: AGGAAGT,TF:M03579,1.0,['TF:M00000'],0.21219568389524615,query_1,13021,0.5232954545454546,False,TF,5280
Factor: PEA3; motif: AGGAAGT; match class: 1,24964,385,Factor: PEA3; motif: AGGAAGT; match class: 1,TF:M03579_1,1.0,['TF:M03579'],0.02956762153444436,query_1,13021,0.5384615384615384,False,TF,715
Factor: Pitx3; motif: GATTANA,24964,2293,Factor: Pitx3; motif: GATTANA,TF:M07057,1.0,['TF:M00000'],0.17610014591813225,query_1,13021,0.509442346145301,False,TF,4501
Factor: MyoD; motif: CNGNRNCAGGTGNNGNAN,24964,295,Factor: MyoD; motif: CNGNRNCAGGTGNNGNAN,TF:M00929,1.0,['TF:M00000'],0.02265571000691191,query_1,13021,0.55765595463138,False,TF,529
Factor: Pitx3; motif: GATTANA; match class: 1,24964,297,Factor: Pitx3; motif: GATTANA; match class: 1,TF:M07057_1,1.0,['TF:M07057'],0.02280930804085708,query_1,13021,0.564638783269962,False,TF,526
Factor: PITX; motif: TAATCCCN,24964,559,Factor: PITX; motif: TAATCCCN,TF:M08895,1.0,['TF:M00000'],0.042930650487673756,query_1,13021,0.5406189555125726,False,TF,1034
Factor: PITX; motif: TAATCCCN; match class: 1,24964,11,Factor: PITX; motif: TAATCCCN; match class: 1,TF:M08895_1,1.0,['TF:M08895'],0.0008447891866984103,query_1,13021,0.4583333333333333,False,TF,24
Factor: SF-1; motif: NYCAAGGYCANNNN,24964,378,Factor: SF-1; motif: NYCAAGGYCANNNN,TF:M03802,1.0,['TF:M00000'],0.029030028415636278,query_1,13021,0.504,False,TF,750
Factor: SF-1; motif: NYCAAGGYCANNNN; match class: 1,24964,13,Factor: SF-1; motif: NYCAAGGYCANNNN; match class: 1,TF:M03802_1,1.0,['TF:M03802'],0.0009983872206435758,query_1,13021,0.5416666666666666,False,TF,24
Factor: SF-1; motif: TGRCCTTGR,24964,290,Factor: SF-1; motif: TGRCCTTGR,TF:M07267,1.0,['TF:M00000'],0.022271714922048998,query_1,13021,0.5114638447971781,False,TF,567
Factor: SF-1; motif: TGRCCTTGR; match class: 1,24964,11,Factor: SF-1; motif: TGRCCTTGR; match class: 1,TF:M07267_1,1.0,['TF:M07267'],0.0008447891866984103,query_1,13021,0.5789473684210527,False,TF,19
Factor: SF-1; motif: TGACCTTG,24964,599,Factor: SF-1; motif: TGACCTTG,TF:M00727,1.0,['TF:M00000'],0.04600261116657707,query_1,13021,0.5110921501706485,False,TF,1172
Factor: SF-1; motif: TGACCTTG; match class: 1,24964,17,Factor: SF-1; motif: TGACCTTG; match class: 1,TF:M00727_1,1.0,['TF:M00727'],0.0013055832885339068,query_1,13021,0.5862068965517241,False,TF,29
Factor: SF-1; motif: TGACCTTGN,24964,274,Factor: SF-1; motif: TGACCTTGN,TF:M01132,1.0,['TF:M00000'],0.021042930650487672,query_1,13021,0.5102420856610801,False,TF,537
Factor: SF-1; motif: TGACCTTGN; match class: 1,24964,6,Factor: SF-1; motif: TGACCTTGN; match class: 1,TF:M01132_1,1.0,['TF:M01132'],0.0004607941018354965,query_1,13021,0.6,False,TF,10
Factor: Smad1; motif: NGGCAGACN,24964,1514,Factor: Smad1; motif: NGGCAGACN,TF:M03845,1.0,['TF:M00000'],0.11627371169649028,query_1,13021,0.5347933592370188,False,TF,2831
Factor: Smad1; motif: NGGCAGACN; match class: 1,24964,141,Factor: Smad1; motif: NGGCAGACN; match class: 1,TF:M03845_1,1.0,['TF:M03845'],0.010828661393134167,query_1,13021,0.5685483870967742,False,TF,248
Factor: SMAD3; motif: CAGACAS,24964,4604,Factor: SMAD3; motif: CAGACAS,TF:M07429,1.0,['TF:M00000'],0.35358267414177097,query_1,13021,0.5307816462992853,False,TF,8674
Factor: SMAD3; motif: CAGACAS; match class: 1,24964,1292,Factor: SMAD3; motif: CAGACAS; match class: 1,TF:M07429_1,1.0,['TF:M07429'],0.09922432992857691,query_1,13021,0.5279934613812832,False,TF,2447
Factor: Smad4; motif: NCAGACAN; match class: 1,24964,204,Factor: Smad4; motif: NCAGACAN; match class: 1,TF:M07368_1,1.0,['TF:M07368'],0.01566699946240688,query_1,13021,0.5037037037037037,False,TF,405
Factor: MyoD; motif: NNCACCTGNY; match class: 1,24964,6,Factor: MyoD; motif: NNCACCTGNY; match class: 1,TF:M00184_1,1.0,['TF:M00184'],0.0004607941018354965,query_1,13021,0.3333333333333333,False,TF,18
Factor: MEIS1B:HOXA9; motif: TGACASTTTWAYRR; match class: 1,24964,4588,Factor: MEIS1B:HOXA9; motif: TGACASTTTWAYRR; match class: 1,TF:M00421_1,1.0,['TF:M00421'],0.35235388987020966,query_1,13021,0.5217193541050716,False,TF,8794
Factor: MyoD; motif: SRACAGGTGKYG; match class: 1,24964,14,Factor: MyoD; motif: SRACAGGTGKYG; match class: 1,TF:M00001_1,1.0,['TF:M00001'],0.0010751862376161584,query_1,13021,0.4827586206896552,False,TF,29
Factor: ER-alpha; motif: TGACCYN,24964,2649,Factor: ER-alpha; motif: TGACCYN,TF:M03547,1.0,['TF:M00000'],0.2034405959603717,query_1,13021,0.5240356083086053,False,TF,5055
Factor: ER-alpha; motif: TGACCYN; match class: 1,24964,305,Factor: ER-alpha; motif: TGACCYN; match class: 1,TF:M03547_1,1.0,['TF:M03547'],0.023423700176637738,query_1,13021,0.5231560891938251,False,TF,583
Factor: ER-alpha; motif: GGNNNNNNTGACCYN,24964,538,Factor: ER-alpha; motif: GGNNNNNNTGACCYN,TF:M03820,1.0,['TF:M00000'],0.04131787113124952,query_1,13021,0.5070688030160226,False,TF,1061
Factor: ER-alpha; motif: GGNNNNNNTGACCYN; match class: 1,24964,42,Factor: ER-alpha; motif: GGNNNNNNTGACCYN; match class: 1,TF:M03820_1,1.0,['TF:M03820'],0.0032255587128484755,query_1,13021,0.5384615384615384,False,TF,78
Factor: ER; motif: NNARGNCANNNTGACCYNN,24964,2447,Factor: ER; motif: NNARGNCANNNTGACCYNN,TF:M00191,1.0,['TF:M00000'],0.18792719453190998,query_1,13021,0.521637177574078,False,TF,4691
Factor: ER; motif: NNARGNCANNNTGACCYNN; match class: 1,24964,342,Factor: ER; motif: NNARGNCANNNTGACCYNN; match class: 1,TF:M00191_1,1.0,['TF:M00191'],0.026265263804623303,query_1,13021,0.5352112676056338,False,TF,639
Factor: ETSLIKE; motif: NACTTCCTNN,24964,1154,Factor: ETSLIKE; motif: NACTTCCTNN,TF:M08881,1.0,['TF:M00000'],0.08862606558636049,query_1,13021,0.5174887892376682,False,TF,2230
Factor: ETSLIKE; motif: NACTTCCTNN; match class: 1,24964,77,Factor: ETSLIKE; motif: NACTTCCTNN; match class: 1,TF:M08881_1,1.0,['TF:M08881'],0.005913524306888872,query_1,13021,0.5310344827586206,False,TF,145
Factor: Ets; motif: ANNCACTTCCTG,24964,1281,Factor: Ets; motif: ANNCACTTCCTG,TF:M00771,1.0,['TF:M00000'],0.0983795407418785,query_1,13021,0.5136327185244587,False,TF,2494
Factor: Ets; motif: ANNCACTTCCTG; match class: 1,24964,78,Factor: Ets; motif: ANNCACTTCCTG; match class: 1,TF:M00771_1,1.0,['TF:M00771'],0.005990323323861455,query_1,13021,0.4508670520231214,False,TF,173
Factor: Ets; motif: ACTTCCTS,24964,793,Factor: Ets; motif: ACTTCCTS,TF:M00971,1.0,['TF:M00000'],0.06090162045925812,query_1,13021,0.5210249671484888,False,TF,1522
Factor: Ets; motif: ACTTCCTS; match class: 1,24964,31,Factor: Ets; motif: ACTTCCTS; match class: 1,TF:M00971_1,1.0,['TF:M00971'],0.0023807695261500654,query_1,13021,0.5166666666666667,False,TF,60
Factor: Fli-1; motif: MGGAAGT,24964,2763,Factor: Fli-1; motif: MGGAAGT,TF:M07382,1.0,['TF:M00000'],0.21219568389524615,query_1,13021,0.5232954545454546,False,TF,5280
Factor: Fli-1; motif: MGGAAGT; match class: 1,24964,385,Factor: Fli-1; motif: MGGAAGT; match class: 1,TF:M07382_1,1.0,['TF:M07382'],0.02956762153444436,query_1,13021,0.5384615384615384,False,TF,715
Factor: FLI-1; motif: CMGGAWGTSAN,24964,1999,Factor: FLI-1; motif: CMGGAWGTSAN,TF:M01208,1.0,['TF:M00000'],0.15352123492819292,query_1,13021,0.5224777835859906,False,TF,3826
Factor: FLI-1; motif: CMGGAWGTSAN; match class: 1,24964,207,Factor: FLI-1; motif: CMGGAWGTSAN; match class: 1,TF:M01208_1,1.0,['TF:M01208'],0.01589739651332463,query_1,13021,0.5376623376623376,False,TF,385
Factor: FOXD3; motif: NAWTGTTTRTTT,24964,8298,Factor: FOXD3; motif: NAWTGTTTRTTT,TF:M00130,1.0,['TF:M00000'],0.6372782428384917,query_1,13021,0.5219196175860117,False,TF,15899
Factor: ER-alpha; motif: GNCNNNNTGACCYN; match class: 1,24964,37,Factor: ER-alpha; motif: GNCNNNNTGACCYN; match class: 1,TF:M07283_1,1.0,['TF:M07283'],0.0028415636279855616,query_1,13021,0.49333333333333335,False,TF,75
Factor: ER-alpha; motif: GNCNNNNTGACCYN,24964,690,Factor: ER-alpha; motif: GNCNNNNTGACCYN,TF:M07283,1.0,['TF:M00000'],0.0529913217110821,query_1,13021,0.5003625815808557,False,TF,1379
Factor: Ebox; motif: NCACSTGNCN; match class: 1,24964,71,Factor: Ebox; motif: NCACSTGNCN; match class: 1,TF:M01034_1,1.0,['TF:M01034'],0.005452730205053376,query_1,13021,0.5338345864661654,False,TF,133
Factor: E2A; motif: CACCTGNY; match class: 1,24964,121,Factor: E2A; motif: CACCTGNY; match class: 1,TF:M00973_1,1.0,['TF:M00973'],0.009292681053682512,query_1,13021,0.5377777777777778,False,TF,225
Factor: ARNTLIKE; motif: NNNSCACGTG; match class: 1,24964,880,Factor: ARNTLIKE; motif: NNNSCACGTG; match class: 1,TF:M08868_1,1.0,['TF:M08868'],0.06758313493587283,query_1,13021,0.5496564647095565,False,TF,1601
Factor: cdx-1; motif: NTTTATKNN,24964,1944,Factor: cdx-1; motif: NTTTATKNN,TF:M07377,1.0,['TF:M00000'],0.14929728899470088,query_1,13021,0.5186766275346851,False,TF,3748
Factor: cdx-1; motif: NTTTATKNN; match class: 1,24964,169,Factor: cdx-1; motif: NTTTATKNN; match class: 1,TF:M07377_1,1.0,['TF:M07377'],0.012979033868366486,query_1,13021,0.5121212121212121,False,TF,330
Factor: cdx; motif: NNTTTATNN,24964,3296,Factor: cdx; motif: NNTTTATNN,TF:M07378,1.0,['TF:M00000'],0.2531295599416327,query_1,13021,0.5215189873417722,False,TF,6320
Factor: cdx; motif: NNTTTATNN; match class: 1,24964,685,Factor: cdx; motif: NNTTTATNN; match class: 1,TF:M07378_1,1.0,['TF:M07378'],0.052607326626219184,query_1,13021,0.5376766091051806,False,TF,1274
Factor: CLOCKBMAL; motif: NNNWCACGTGGN; match class: 1,24964,28,Factor: CLOCKBMAL; motif: NNNWCACGTGGN; match class: 1,TF:M08869_1,1.0,['TF:M08869'],0.002150372475232317,query_1,13021,0.6511627906976745,False,TF,43
Factor: CLOCK; motif: CCACSTGW,24964,612,Factor: CLOCK; motif: CCACSTGW,TF:M07247,1.0,['TF:M00000'],0.04700099838722065,query_1,13021,0.5147182506307821,False,TF,1189
Factor: CLOCK; motif: CCACSTGW; match class: 1,24964,24,Factor: CLOCK; motif: CCACSTGW; match class: 1,TF:M07247_1,1.0,['TF:M07247'],0.001843176407341986,query_1,13021,0.5106382978723404,False,TF,47
Factor: FOXD3; motif: NAWTGTTTRTTT; match class: 1,24964,4074,Factor: FOXD3; motif: NAWTGTTTRTTT; match class: 1,TF:M00130_1,1.0,['TF:M00130'],0.31287919514630214,query_1,13021,0.5235158057054742,False,TF,7782
Factor: c-MAF; motif: CNNNCTCAGCA,24964,3619,Factor: c-MAF; motif: CNNNCTCAGCA,TF:M03816,1.0,['TF:M00000'],0.277935642423777,query_1,13021,0.520195486560299,False,TF,6957
Factor: c-Myc; motif: CACGTGGC,24964,2562,Factor: c-Myc; motif: CACGTGGC,TF:M03867,1.0,['TF:M00000'],0.196759081483757,query_1,13021,0.533083645443196,False,TF,4806
Factor: DLX2; motif: AMSMCTGACKG,24964,4848,Factor: DLX2; motif: AMSMCTGACKG,TF:M08873,1.0,['TF:M00000'],0.3723216342830812,query_1,13021,0.5212903225806451,False,TF,9300
Factor: DLX2; motif: AMSMCTGACKG; match class: 1,24964,1064,Factor: DLX2; motif: AMSMCTGACKG; match class: 1,TF:M08873_1,1.0,['TF:M08873'],0.08171415405882805,query_1,13021,0.5103117505995204,False,TF,2085
Factor: DMRT3; motif: NWWTTGWTACAWTKT,24964,347,Factor: DMRT3; motif: NWWTTGWTACAWTKT,TF:M01148,1.0,['TF:M00000'],0.026649258889486216,query_1,13021,0.4887323943661972,False,TF,710
Factor: DMRT3; motif: NWWTTGWTACAWTKT; match class: 1,24964,9,Factor: DMRT3; motif: NWWTTGWTACAWTKT; match class: 1,TF:M01148_1,1.0,['TF:M01148'],0.0006911911527532448,query_1,13021,0.6923076923076923,False,TF,13
Factor: E2A; motif: NCACCTGYYNCNKN,24964,208,Factor: E2A; motif: NCACCTGYYNCNKN,TF:M00804,1.0,['TF:M00000'],0.015974195530297212,query_1,13021,0.5060827250608273,False,TF,411
Factor: E2A; motif: NCACCTGYYNCNKN; match class: 1,24964,5,Factor: E2A; motif: NCACCTGYYNCNKN; match class: 1,TF:M00804_1,1.0,['TF:M00804'],0.0003839950848629138,query_1,13021,0.5555555555555556,False,TF,9
Factor: E2A; motif: CACCTGNY,24964,1400,Factor: E2A; motif: CACCTGNY,TF:M00973,1.0,['TF:M00000'],0.10751862376161585,query_1,13021,0.5212211466865228,False,TF,2686
Factor: c-MAF; motif: CNNNCTCAGCA; match class: 1,24964,630,Factor: c-MAF; motif: CNNNCTCAGCA; match class: 1,TF:M03816_1,1.0,['TF:M03816'],0.048383380692727136,query_1,13021,0.5236907730673317,False,TF,1203
Factor: MyoD; motif: NNCACCTGNY,24964,288,Factor: MyoD; motif: NNCACCTGNY,TF:M00184,1.0,['TF:M00000'],0.022118116888103834,query_1,13021,0.5423728813559322,False,TF,531
Factor: FoxH1; motif: SAATACACAT,24964,195,Factor: FoxH1; motif: SAATACACAT,TF:M03822,1.0,['TF:M00000'],0.014975808309653636,query_1,13021,0.5571428571428572,False,TF,350
Factor: FOX; motif: KWTTGTTTRTTTW,24964,8005,Factor: FOX; motif: KWTTGTTTRTTTW,TF:M00809,1.0,['TF:M00000'],0.614776130865525,query_1,13021,0.5214643997133738,False,TF,15351
Factor: LEF-1; motif: NWTCAAAGNN; match class: 1,24964,532,Factor: LEF-1; motif: NWTCAAAGNN; match class: 1,TF:M01022_1,1.0,['TF:M01022'],0.040857077029414025,query_1,13021,0.5145067698259188,False,TF,1034
Factor: LEF-1; motif: NANNWWCAAAGNN,24964,1885,Factor: LEF-1; motif: NANNWWCAAAGNN,TF:M07605,1.0,['TF:M00000'],0.1447661469933185,query_1,13021,0.5123674911660777,False,TF,3679
Factor: LEF-1; motif: NANNWWCAAAGNN; match class: 1,24964,146,Factor: LEF-1; motif: NANNWWCAAAGNN; match class: 1,TF:M07605_1,1.0,['TF:M07605'],0.01121265647799708,query_1,13021,0.5051903114186851,False,TF,289
Factor: LEF-1; motif: WCAAAGN,24964,2788,Factor: LEF-1; motif: WCAAAGN,TF:M02019,1.0,['TF:M00000'],0.2141156593195607,query_1,13021,0.518890750046529,False,TF,5373
Factor: LEF-1; motif: WCAAAGN; match class: 1,24964,347,Factor: LEF-1; motif: WCAAAGN; match class: 1,TF:M02019_1,1.0,['TF:M02019'],0.026649258889486216,query_1,13021,0.5354938271604939,False,TF,648
Factor: LEF-1; motif: WCAAAGN,24964,2788,Factor: LEF-1; motif: WCAAAGN,TF:M03794,1.0,['TF:M00000'],0.2141156593195607,query_1,13021,0.518890750046529,False,TF,5373
Factor: LEF-1; motif: WCAAAGN; match class: 1,24964,347,Factor: LEF-1; motif: WCAAAGN; match class: 1,TF:M03794_1,1.0,['TF:M03794'],0.026649258889486216,query_1,13021,0.5354938271604939,False,TF,648
Factor: MAF; motif: GCTGAGTCAN,24964,3613,Factor: MAF; motif: GCTGAGTCAN,TF:M07296,1.0,['TF:M00000'],0.27747484832194147,query_1,13021,0.5317144959529065,False,TF,6795
Factor: MAF; motif: GCTGAGTCAN; match class: 1,24964,625,Factor: MAF; motif: GCTGAGTCAN; match class: 1,TF:M07296_1,1.0,['TF:M07296'],0.047999385607864216,query_1,13021,0.5458515283842795,False,TF,1145
Factor: MEIS1A:HOXA9; motif: TGACAGKTTTAYGA,24964,6935,Factor: MEIS1A:HOXA9; motif: TGACAGKTTTAYGA,TF:M00420,1.0,['TF:M00000'],0.5326011827048613,query_1,13021,0.5184271510802123,False,TF,13377
Factor: MEIS1A:HOXA9; motif: TGACAGKTTTAYGA; match class: 1,24964,2415,Factor: MEIS1A:HOXA9; motif: TGACAGKTTTAYGA; match class: 1,TF:M00420_1,1.0,['TF:M00420'],0.18546962598878736,query_1,13021,0.5184628595963933,False,TF,4658
Factor: MEIS1B:HOXA9; motif: TGACASTTTWAYRR,24964,9130,Factor: MEIS1B:HOXA9; motif: TGACASTTTWAYRR,TF:M00421,1.0,['TF:M00000'],0.7011750249596805,query_1,13021,0.5196653195970174,False,TF,17569
Factor: TCF7RELATED; motif: NANNWWCAAAGN,24964,3990,Factor: TCF7RELATED; motif: NANNWWCAAAGN,TF:M08902,1.0,['TF:M00000'],0.30642807772060515,query_1,13021,0.5086042065009561,False,TF,7845
Factor: c-Myc:Max; motif: NANCACGTGNNW; match class: 1,24964,762,Factor: c-Myc:Max; motif: NANCACGTGNNW; match class: 1,TF:M00123_1,1.0,['TF:M00123'],0.058520850933108055,query_1,13021,0.5354884047786367,False,TF,1423
Factor: c-Myc:Max; motif: GCCAYGYGSN; match class: 1,24964,297,Factor: c-Myc:Max; motif: GCCAYGYGSN; match class: 1,TF:M00322_1,1.0,['TF:M00322'],0.02280930804085708,query_1,13021,0.5582706766917294,False,TF,532
Factor: Myc; motif: CACGTGS; match class: 1,24964,674,Factor: Myc; motif: CACGTGS; match class: 1,TF:M00799_1,1.0,['TF:M00799'],0.05176253743952077,query_1,13021,0.5366242038216561,False,TF,1256
Factor: MyoD; motif: SRACAGGTGKYG,24964,546,Factor: MyoD; motif: SRACAGGTGKYG,TF:M00001,1.0,['TF:M00000'],0.04193226326703018,query_1,13021,0.5126760563380282,False,TF,1065
Factor: LEF-1; motif: NWTCAAAGNN,24964,3427,Factor: LEF-1; motif: NWTCAAAGNN,TF:M01022,1.0,['TF:M00000'],0.2631902311650411,query_1,13021,0.5158037326911499,False,TF,6644
Factor: TCF-7; motif: TCAAAG; match class: 1,24964,5248,Factor: TCF-7; motif: TCAAAG; match class: 1,TF:M00805_1,1.0,['TF:M00805'],0.40304124107211425,query_1,13021,0.5140058765915769,False,TF,10210
Factor: TCF-7; motif: TCAAAG,24964,9705,Factor: TCF-7; motif: TCAAAG,TF:M00805,1.0,['TF:M00000'],0.7453344597189155,query_1,13021,0.5174344209852847,False,TF,18756
"Factor: LEF-1,; motif: MCTTTGWTSNY; match class: 1",24964,115,"Factor: LEF-1,; motif: MCTTTGWTSNY; match class: 1",TF:M00978_1,1.0,['TF:M00978'],0.008831886951847017,query_1,13021,0.49145299145299143,False,TF,234
Factor: FOX; motif: KWTTGTTTRTTTW; match class: 1,24964,3882,Factor: FOX; motif: KWTTGTTTRTTTW; match class: 1,TF:M00809_1,1.0,['TF:M00809'],0.29813378388756623,query_1,13021,0.5284508576095834,False,TF,7346
Factor: HFH2; motif: AAACAAAN,24964,3031,Factor: HFH2; motif: AAACAAAN,TF:M07319,1.0,['TF:M00000'],0.23277782044389833,query_1,13021,0.49983509234828494,False,TF,6064
Factor: HFH2; motif: AAACAAAN; match class: 1,24964,437,Factor: HFH2; motif: AAACAAAN; match class: 1,TF:M07319_1,1.0,['TF:M07319'],0.033561170417018664,query_1,13021,0.5075493612078978,False,TF,861
Factor: HNF3alpha; motif: TRTTTGYTYWN; match class: 1,24964,1404,Factor: HNF3alpha; motif: TRTTTGYTYWN; match class: 1,TF:M00724_1,1.0,['TF:M00724'],0.10782581982950618,query_1,13021,0.5338403041825095,False,TF,2630
Factor: HNF-3alpha; motif: RYAAACAN,24964,2035,Factor: HNF-3alpha; motif: RYAAACAN,TF:M03827,1.0,['TF:M00000'],0.1562859995392059,query_1,13021,0.5182072829131653,False,TF,3927
Factor: HNF-3alpha; motif: RYAAACAN; match class: 1,24964,207,Factor: HNF-3alpha; motif: RYAAACAN; match class: 1,TF:M03827_1,1.0,['TF:M03827'],0.01589739651332463,query_1,13021,0.518796992481203,False,TF,399
Factor: HNF3; motif: NNNNNTRTTTRYTYWNKN; match class: 1,24964,975,Factor: HNF3; motif: NNNNNTRTTTRYTYWNKN; match class: 1,TF:M01012_1,1.0,['TF:M01012'],0.07487904154826819,query_1,13021,0.5471380471380471,False,TF,1782
Factor: HOXA10; motif: NNNGYAATAAAATNNW,24964,7313,Factor: HOXA10; motif: NNNGYAATAAAATNNW,TF:M01464,1.0,['TF:M00000'],0.5616312111204976,query_1,13021,0.5239664684387763,False,TF,13957
Factor: FoxH1; motif: SAATACACAT; match class: 1,24964,1,Factor: FoxH1; motif: SAATACACAT; match class: 1,TF:M03822_1,1.0,['TF:M03822'],7.679901697258276e-05,query_1,13021,0.5,False,TF,2
Factor: HOXA10; motif: NNNGYAATAAAATNNW; match class: 1,24964,2926,Factor: HOXA10; motif: NNNGYAATAAAATNNW; match class: 1,TF:M01464_1,1.0,['TF:M01464'],0.22471392366177714,query_1,13021,0.5340390582223034,False,TF,5479
Factor: HOXA10; motif: ANTTTATG; match class: 1,24964,734,Factor: HOXA10; motif: ANTTTATG; match class: 1,TF:M03873_1,1.0,['TF:M03873'],0.05637047845787574,query_1,13021,0.5030843043180261,False,TF,1459
Factor: HOXA10; motif: TTATNNYWN,24964,6058,Factor: HOXA10; motif: TTATNNYWN,TF:M07257,1.0,['TF:M00000'],0.4652484448199063,query_1,13021,0.522151353214963,False,TF,11602
Factor: HOXA10; motif: TTATNNYWN; match class: 1,24964,1933,Factor: HOXA10; motif: TTATNNYWN; match class: 1,TF:M07257_1,1.0,['TF:M07257'],0.14845249980800246,query_1,13021,0.5213052858683926,False,TF,3708
Factor: HOX; motif: TTWATKNN,24964,4209,Factor: HOX; motif: TTWATKNN,TF:M07456,1.0,['TF:M00000'],0.3232470624376008,query_1,13021,0.5255337745036833,False,TF,8009
Factor: HOX; motif: TTWATKNN; match class: 1,24964,865,Factor: HOX; motif: TTWATKNN; match class: 1,TF:M07456_1,1.0,['TF:M07456'],0.06643114968128408,query_1,13021,0.5376009944064637,False,TF,1609
Factor: KLF; motif: GGGNGGGG,24964,608,Factor: KLF; motif: GGGNGGGG,TF:M07461,1.0,['TF:M00000'],0.04669380231933031,query_1,13021,0.5328659070990359,False,TF,1141
Factor: KLF; motif: GGGNGGGG; match class: 1,24964,62,Factor: KLF; motif: GGGNGGGG; match class: 1,TF:M07461_1,1.0,['TF:M07461'],0.004761539052300131,query_1,13021,0.5849056603773585,False,TF,106
"Factor: LEF-1,; motif: MCTTTGWTSNY",24964,1631,"Factor: LEF-1,; motif: MCTTTGWTSNY",TF:M00978,1.0,['TF:M00000'],0.12525919668228247,query_1,13021,0.5109649122807017,False,TF,3192
Factor: HOXA10; motif: ANTTTATG,24964,3902,Factor: HOXA10; motif: ANTTTATG,TF:M03873,1.0,['TF:M00000'],0.2996697642270179,query_1,13021,0.5098654122566314,False,TF,7653
Factor: TCF7RELATED; motif: NANNWWCAAAGN; match class: 1,24964,730,Factor: TCF7RELATED; motif: NANNWWCAAAGN; match class: 1,TF:M08902_1,1.0,['TF:M08902'],0.05606328238998541,query_1,13021,0.5003427004797807,False,TF,1459
