description,p_value,native,precision,recall,query_size,term_size,significant,source,methods_found,methods_included
"""A DNA-binding transcription factor activity that modulates the transcription of specific gene sets transcribed by RNA polymerase II."" [GOC:txnOH-2018]",0.0002108301958517,GO:0000981,0.0469869363674673,0.4994400895856662,9492.0,893.0,True,GO:MF,2,4
"""A biological process whose specific outcome is the progression of a cell over time from an initial condition to a later condition."" [GOC:isa_complete]",1.703271012486673e-20,GO:0048869,0.0956215400100654,0.5735849056603773,7948.0,1325.0,True,GO:BP,2,4
"""A biological process whose specific outcome is the progression of an integrated living unit: an anatomical structure (which may be a subcellular structure, cell, tissue, or organ), or organism over time from an initial condition to a later condition."" [GOC:isa_complete]",1.1691809757405231e-38,GO:0032502,0.186713638651233,0.5636156475503228,7948.0,2633.0,True,GO:BP,2,4
"""A cell junction that forms a connection between a cell and the extracellular matrix."" [GOC:aruk, GOC:bc, GOC:hb, GOC:mah, PMID:10419689, PMID:1643657, PMID:16805308, PMID:26923917, PMID:8314002]",0.0079326582617403,GO:0030055,0.0044857949825552,0.75,6019.0,36.0,True,GO:CC,2,4
"""A cell-substrate junction that anchors the cell to the extracellular matrix and that forms a point of termination of actin filaments. In insects focal adhesion has also been referred to as hemi-adherens junction (HAJ)."" [GOC:aruk, GOC:bc, ISBN:0124325653, ISBN:0815316208, PMID:10419689, PMID:12191915, PMID:15246682, PMID:1643657, PMID:16805308, PMID:19197329, PMID:23033047, PMID:26923917, PMID:28796323, PMID:8314002]",0.002404148871956,GO:0005925,0.0043196544276457,0.7878787878787878,6019.0,33.0,True,GO:CC,2,4
"""A cellular component that consists of an indeterminate number of proteins or macromolecular complexes, organized into a regular, higher-order structure such as a polymer, sheet, network or a fiber."" [GOC:dos]",5.08185920622157e-08,GO:0099080,0.0370493437448081,0.5703324808184144,6019.0,391.0,True,GO:CC,2,4
"""A cellular component that forms a specialized region of connection between two or more cells, or between a cell and the extracellular matrix, or between two membrane-bound components of a cell, such as flagella."" [GOC:aruk, GOC:bc, GOC:mah, http://www.vivo.colostate.edu/hbooks/cmb/cells/pmemb/junctions_a.html, ISBN:0198506732, PMID:26820516, PMID:28096264]",0.0001695326187952,GO:0030054,0.0553248047848479,0.506079027355623,6019.0,658.0,True,GO:CC,2,4
"""A cellular structure that forms the internal framework of eukaryotic and prokaryotic cells. The cytoskeleton includes intermediate filaments, microfilaments, microtubules, the microtrabecular lattice, and other structures characterized by a polymeric filamentous nature and long-range order within the cell. The various elements of the cytoskeleton not only serve in the maintenance of cellular shape but also have roles in other cellular functions, including cellular movement, cell division, endocytosis, and movement of organelles."" [GOC:mah, PMID:16959967, PMID:27419875]",3.317028417331594e-09,GO:0005856,0.0706097358365177,0.5286069651741293,6019.0,804.0,True,GO:CC,2,4
"""A cellular transport process in which transported substances are moved in membrane-bounded vesicles; transported substances are enclosed in the vesicle lumen or located in the vesicle membrane. The process begins with a step that directs a substance to the forming vesicle, and includes vesicle budding and coating. Vesicles are then targeted to, and fuse with, an acceptor membrane."" [GOC:ai, GOC:mah, ISBN:08789310662000]",0.0013919155416317,GO:0016192,0.0464267740312028,0.5294117647058824,7948.0,697.0,True,GO:BP,2,4
"""A collection of membranous structures involved in transport within the cell. The main components of the endomembrane system are endoplasmic reticulum, Golgi bodies, vesicles, cell membrane and nuclear envelope. Members of the endomembrane system pass materials through each other or though the use of vesicles."" [GOC:lh]",5.963907146238059e-17,GO:0012505,0.1054992523675029,0.5390492359932089,6019.0,1178.0,True,GO:CC,2,4
"""A compartment that consists of a lumen and an enclosing membrane, and is part of an organelle."" [GOC:mah, GOC:pz]",3.502568767449352e-07,GO:0031984,0.0327296893171623,0.5726744186046512,6019.0,344.0,True,GO:CC,2,4
"""A component of the cytoskeleton consisting of a homo or heteropolymeric fiber constructed from an indeterminate number of protein subunits."" [GOC:dos]",0.004451451627554,GO:0099513,0.0201030071440438,0.5525114155251142,6019.0,219.0,True,GO:CC,2,4
"""A distinct region of the endoplasmic reticulum."" [GOC:dos]",5.524816312346913e-06,GO:0098827,0.0234258182422329,0.5899581589958159,6019.0,239.0,True,GO:CC,2,4
"""A double membrane structure enclosing an organelle, including two lipid bilayers and the region between them. In some cases, an organelle envelope may have more than two membranes."" [GOC:mah, GOC:pz]",9.960862532093586e-06,GO:0031967,0.0327296893171623,0.5549295774647888,6019.0,355.0,True,GO:CC,2,4
"""A lipid bilayer along with all the proteins and protein complexes embedded in it and attached to it."" [GOC:dos, GOC:mah, ISBN:0815316194]",1.0142153433061873e-31,GO:0016020,0.4013955806612394,0.484071328391104,6019.0,4991.0,True,GO:CC,2,4
"""A membrane that is a (regional) part of the plasma membrane."" [GOC:dos]",0.0376253619827866,GO:0098590,0.0210998504735005,0.5291666666666667,6019.0,240.0,True,GO:CC,2,4
"""A membrane that is one of the two lipid bilayers of an organelle envelope or the outermost membrane of single membrane bound organelle."" [GOC:dos, GOC:mah]",1.7082557767145826e-17,GO:0031090,0.0843994018940023,0.5600882028665931,6019.0,907.0,True,GO:CC,2,4
"""A membrane-bound cytoplasmic organelle of the endomembrane system that further processes the core oligosaccharides (e.g. N-glycans) added to proteins in the endoplasmic reticulum and packages them into membrane-bound vesicles. The Golgi apparatus operates at the intersection of the secretory, lysosomal, and endocytic pathways."" [ISBN:0198506732]",7.787179690518099e-08,GO:0005794,0.039209170958631,0.5632458233890215,6019.0,419.0,True,GO:CC,2,4
"""A molecular function regulator regulates the activity of its target via non-covalent binding that does not result in covalent modification to the target. Examples of molecular function regulators include regulatory subunits of multimeric enzymes and channels. Mechanisms of regulation include allosteric changes in the target and competitive inhibition."" [GOC:dos, GOC:pt]",9.58120763782404e-07,GO:0098772,0.0730088495575221,0.4953538241601143,9492.0,1399.0,True,GO:MF,2,4
"""A molecular function that controls the rate, timing and/or magnitude of gene transcription. The function of transcriptional regulators is to modulate gene expression at the transcription step so that they are expressed in the right cell at the right time and in the right amount throughout the life of the cell and the organism. Genes are transcriptional units, and include bacterial operons."" [GOC:pg, GOC:txnOH-2018, Wikipedia:Transcription_factor]",5.615257733862483e-09,GO:0140110,0.0740623683101559,0.5061195104391649,9492.0,1389.0,True,GO:MF,2,4
"""A multilayered structure surrounding all or part of a cell; encompasses one or more lipid bilayers, and may include a cell wall layer; also includes the space between layers."" [GOC:mah, GOC:pz]",9.960862532093586e-06,GO:0031975,0.0327296893171623,0.5549295774647888,6019.0,355.0,True,GO:CC,2,4
"""A polymer consisting of an indefinite number of protein or protein complex subunits that have polymerised to form a fiber-shaped structure."" [GOC:dos]",3.3086073181328905e-08,GO:0099512,0.030071440438611,0.5934426229508196,6019.0,305.0,True,GO:CC,2,4
"""A polymeric supramolecular structure."" [GOC:dos]",3.3086073181328905e-08,GO:0099081,0.030071440438611,0.5934426229508196,6019.0,305.0,True,GO:CC,2,4
"""A process in which a monoatomic ion is transported across a membrane. Monatomic ions (also called simple ions) are ions consisting of exactly one atom."" [GOC:mah]",0.0005082281772577,GO:0034220,0.0398842476094615,0.5418803418803418,7948.0,585.0,True,GO:BP,2,4
"""A process in which an inorganic cation is transported from one side of a membrane to the other by means of some agent such as a transporter or pore."" [GOC:mah]",7.16405606542559e-05,GO:0098662,0.0278057372924006,0.5755208333333334,7948.0,384.0,True,GO:BP,2,4
"""A process that is carried out at the cellular level which results in the assembly, arrangement of constituent parts, or disassembly of a plasma membrane bounded prolongation or process extending from a cell, e.g. a cilium or axon."" [GOC:krc]",0.0003127987273725,GO:0120036,0.0371162556618017,0.5483271375464684,7948.0,538.0,True,GO:BP,2,4
"""A process that is carried out at the cellular level which results in the assembly, arrangement of constituent parts, or disassembly of a prolongation or process extending from a cell, e.g. a flagellum or axon."" [GOC:jl, GOC:mah, http://www.cogsci.princeton.edu/~wn/]",0.0001217644098823,GO:0030030,0.0381227981882234,0.5509090909090909,7948.0,550.0,True,GO:BP,2,4
"""A process that is carried out at the cellular level which results in the assembly, arrangement of constituent parts, or disassembly of a supramolecular fiber, a polymer consisting of an indefinite number of protein or protein complex subunits that have polymerised to form a fiber-shaped structure."" [GOC:pr]",0.0035015147824102,GO:0097435,0.0274282838449924,0.55470737913486,7948.0,393.0,True,GO:BP,2,4
"""A process that is carried out at the cellular level which results in the assembly, arrangement of constituent parts, or disassembly of an organelle within a cell. An organelle is an organized structure of distinctive morphology and function. Includes the nucleus, mitochondria, plastids, vacuoles, vesicles, ribosomes and the cytoskeleton. Excludes the plasma membrane."" [GOC:mah]",0.0011378140714941,GO:0006996,0.0908404630095621,0.502086230876217,7948.0,1438.0,True,GO:BP,2,4
"""A process that is carried out at the cellular level which results in the assembly, arrangement of constituent parts, or disassembly of cytoskeletal structures comprising actin filaments and their associated proteins."" [GOC:dph, GOC:jl, GOC:mah]",0.0001335221586677,GO:0030036,0.0294413688978359,0.5679611650485437,7948.0,412.0,True,GO:BP,2,4
"""A process that is carried out at the cellular level which results in the assembly, arrangement of constituent parts, or disassembly of cytoskeletal structures."" [GOC:dph, GOC:jl, GOC:mah]",0.0051358723429797,GO:0007010,0.0473074987418218,0.5229485396383866,7948.0,719.0,True,GO:BP,2,4
"""A process that modulates the size of a cellular component."" [GOC:mah]",0.0406938508676026,GO:0032535,0.0111977856064418,0.6054421768707483,7948.0,147.0,True,GO:BP,2,4
"""A prolongation or process extending from a cell, e.g. a flagellum or axon."" [GOC:jl, http://www.cogsci.princeton.edu/~wn/]",0.0393578856820594,GO:0042995,0.0430304037215484,0.490530303030303,6019.0,528.0,True,GO:CC,2,4
"""A prolongation or process extending from a nerve cell, e.g. an axon or dendrite."" [GOC:jl, http://www.cogsci.princeton.edu/~wn/]",0.0315835935320417,GO:0043005,0.0277454726698787,0.5138461538461538,6019.0,325.0,True,GO:CC,2,4
"""A protein complex capable of catalyzing the transfer of a group, e.g. a methyl group, glycosyl group, acyl group, phosphorus-containing, or other groups, from one compound (generally regarded as the donor) to another compound (generally regarded as the acceptor)."" [GOC:bhm, PMID:16540464]",6.827132999497477e-05,GO:1990234,0.04253198205682,0.5256673511293635,6019.0,487.0,True,GO:CC,2,4
"""A protein complex facilitating transport of molecules (proteins, small molecules, nucleic acids) into, out of or within a cell, or between cells."" [GOC:bhm, PMID:15449578]",0.0280040425651311,GO:1990351,0.0227612560225951,0.5269230769230769,6019.0,260.0,True,GO:CC,2,4
"""A protein complex that forms part of a proton-transporting two-sector ATPase complex and carries out proton transport across a membrane. The proton-transporting domain (F0, V0, or A0) includes integral and peripheral membrane proteins."" [GOC:mah, PMID:10838056]",0.0387076296048107,GO:0033177,0.0038212327629174,0.7419354838709677,6019.0,31.0,True,GO:CC,2,4
"""A protein complex that is part of a mitochondrion."" [GOC:dos]",1.7450575584147382e-05,GO:0098798,0.0167801960458547,0.6196319018404908,6019.0,163.0,True,GO:CC,2,4
"""A protein complex which is capable of ATPase activity."" [GO_REF:0000088, GOC:bhm, GOC:TermGenie, PMID:9606181]",0.0247934157581031,GO:1904949,0.0112975577338428,0.5862068965517241,6019.0,116.0,True,GO:CC,2,4
"""A protein complex which is capable of catalytic activity."" [GOC:bhm, GOC:TermGenie, PMID:8077207]",1.0733044152708031e-09,GO:1902494,0.0893836185412859,0.5163147792706334,6019.0,1042.0,True,GO:CC,2,4
"""A protein complex which is capable of protein kinase activity."" [GO_REF:0000088, GOC:bhm, GOC:TermGenie, PMID:24606918]",0.0066891379221277,GO:1902911,0.0078086060807443,0.6527777777777778,6019.0,72.0,True,GO:CC,2,4
"""A proton-transporting ATP synthase complex found in the mitochondrial membrane."" [GOC:mah, GOC:mtg_sensu]",0.0074334648008711,GO:0005753,0.0026582488785512,0.8888888888888888,6019.0,18.0,True,GO:CC,2,4
"""A proton-transporting two-sector ATPase complex that catalyzes the phosphorylation of ADP to ATP during oxidative phosphorylation. The complex comprises a membrane sector (F0) that carries out proton transport and a cytoplasmic compartment sector (F1) that catalyzes ATP synthesis by a rotational mechanism; the extramembrane sector (containing 3 a and 3 b subunits) is connected via the d-subunit to the membrane sector by several smaller subunits. Within this complex, the g and e subunits and the 9-12 c subunits rotate by consecutive 120 degree angles and perform parts of ATP synthesis. This movement is driven by the hydrogen ion electrochemical potential gradient."" [ISBN:0198547684, ISBN:0716743663]",0.0007197064089475,GO:0045259,0.0031566705432796,0.9047619047619048,6019.0,21.0,True,GO:CC,2,4
"""A region of a sarcomere that appears as a light band on each side of the Z disc, comprising a region of the sarcomere where thin (actin) filaments are not overlapped by thick (myosin) filaments; contains actin, troponin, and tropomyosin; each sarcomere includes half of an I band at each end."" [ISBN:0321204131]",0.0369914341429146,GO:0031674,0.0044857949825552,0.7105263157894737,6019.0,38.0,True,GO:CC,2,4
"""A semiautonomous, self replicating organelle that occurs in varying numbers, shapes, and sizes in the cytoplasm of virtually all eukaryotic cells. It is notably the site of tissue respiration."" [GOC:giardia, ISBN:0198506732]",1.820479758971167e-09,GO:0005739,0.0569862103339425,0.5461783439490446,6019.0,628.0,True,GO:CC,2,4
"""A transcription regulator activity that modulates the transcription of specific gene sets via binding to a DNA-bound DNA-binding transcription factor, either on its own or as part of a complex. Coregulators often act by altering chromatin structure and modifications. For example, one class of transcription coregulators modifies chromatin structure through covalent modification of histones. A second class remodels the conformation of chromatin in an ATP-dependent fashion. A third class modulates interactions of DNA-bound DNA-binding transcription factors with other transcription coregulators."" [GOC:txnOH-2018, PMID:10213677, PMID:16858867, PMID:24203923, PMID:25957681, Wikipedia:Transcription_coregulator]",0.0457910548888691,GO:0003712,0.0109565950273914,0.5531914893617021,9492.0,188.0,True,GO:MF,2,4
"""A transcription regulator activity that modulates transcription of gene sets via selective and non-covalent binding to a specific double-stranded genomic DNA sequence (sometimes referred to as a motif) within a cis-regulatory region. Regulatory regions include promoters (proximal and distal) and enhancers. Genes are transcriptional units, and include bacterial operons."" [GOC:txnOH-2018]",3.3326597425220096e-06,GO:0003700,0.0631057732827644,0.4987510407993339,9492.0,1201.0,True,GO:MF,2,4
"""A vacuole to which materials ingested by endocytosis are delivered."" [ISBN:0198506732, PMID:19696797]",0.0241831869697173,GO:0005768,0.0209337099185911,0.5338983050847458,6019.0,236.0,True,GO:CC,2,4
"""A vesicle found in the cytoplasm of a cell."" [GOC:ai, GOC:mah, GOC:vesicles]",8.507876461797572e-06,GO:0031410,0.0410367170626349,0.5381263616557734,6019.0,459.0,True,GO:CC,2,4
"""Any biological process involved in the maintenance of an internal steady state."" [GOC:jl, ISBN:0395825172]",0.0007181063256332,GO:0042592,0.0239053850025163,0.5740181268882175,7948.0,331.0,True,GO:BP,2,4
"""Any biological process, occurring at the level of a multicellular organism, pertinent to its function."" [GOC:curators, GOC:dph, GOC:isa_complete, GOC:tb]",8.89507273936926e-18,GO:0032501,0.185832913940614,0.5224619738238415,7948.0,2827.0,True,GO:BP,2,4
"""Any cellular process that activates or increases the frequency, rate or extent of the chemical reactions and pathways involving nucleobases, nucleosides, nucleotides and nucleic acids."" [GOC:go_curators]",0.0362667786661835,GO:0045935,0.0254151987921489,0.5444743935309974,7948.0,371.0,True,GO:BP,2,4
"""Any cellular process that depends upon or alters the actin cytoskeleton, that part of the cytoskeleton comprising actin filaments and their associated proteins."" [GOC:mah]",0.0004856523543449,GO:0030029,0.029818822345244,0.5602836879432624,7948.0,423.0,True,GO:BP,2,4
"""Any cellular process that modulates the frequency, rate or extent of the chemical reactions and pathways involving nucleobases, nucleosides, nucleotides and nucleic acids."" [GOC:go_curators]",4.742410067711656e-10,GO:0019219,0.133241066935078,0.5165853658536586,7948.0,2050.0,True,GO:BP,2,4
"""Any cellular process that stops, prevents, or reduces the frequency, rate or extent of the chemical reactions and pathways involving nucleobases, nucleosides, nucleotides and nucleic acids."" [GOC:go_curators]",0.0085509529230494,GO:0045934,0.018243583291394,0.5776892430278885,7948.0,251.0,True,GO:BP,2,4
"""Any molecular function by which a gene product interacts selectively and non-covalently with DNA (deoxyribonucleic acid)."" [GOC:dph, GOC:jl, GOC:tb, GOC:vw]",2.016226535408731e-05,GO:0003677,0.0976611883691529,0.4773429454170957,9492.0,1942.0,True,GO:MF,2,4
"""Any process in which a cell, a substance, or a cellular entity, such as a protein complex or organelle, is transported, tethered to or otherwise maintained in a specific location. In the case of substances, localization may also be achieved via selective degradation."" [GOC:ai, GOC:dos]",0.0001884152923237,GO:0051179,0.1850780070457977,0.4843595653605532,7948.0,3037.0,True,GO:BP,2,4
"""Any process involved in the maintenance of an internal steady state of monoatomic cations within an organism or cell. Monatomic cations (also called simple cations) are cations consisting of exactly one atom."" [GOC:ceb, GOC:jid, GOC:mah]",0.0301849921125748,GO:0055080,0.0114494212380473,0.6066666666666667,7948.0,150.0,True,GO:BP,2,4
"""Any process that activates or increases the frequency, rate or extent of a biological process. Biological processes are regulated by many means; examples include the control of gene expression, protein modification or interaction with a protein or substrate molecule."" [GOC:jid]",7.36942260464669e-05,GO:0048518,0.079768495218923,0.5146103896103896,7948.0,1232.0,True,GO:BP,2,4
"""Any process that activates or increases the frequency, rate or extent of a cellular process, any of those that are carried out at the cellular level, but are not necessarily restricted to a single cell. For example, cell communication occurs among more than one cell, but occurs at the cellular level."" [GOC:jid]",7.058893644311341e-07,GO:0048522,0.0693256165072974,0.5339147286821705,7948.0,1032.0,True,GO:BP,2,4
"""Any process that activates or increases the frequency, rate or extent of cell differentiation."" [GOC:go_curators]",0.0004135889841207,GO:0045597,0.0067941620533467,0.7297297297297297,7948.0,74.0,True,GO:BP,2,4
"""Any process that activates or increases the frequency, rate or extent of the chemical reactions and pathways by which individual cells transform chemical substances."" [GOC:mah]",1.4333881265307976e-05,GO:0031325,0.0366129843985908,0.562862669245648,7948.0,517.0,True,GO:BP,2,4
"""Any process that activates or increases the frequency, rate or extent of the chemical reactions and pathways involving nitrogen or nitrogenous compounds."" [GOC:ai, GOC:tb]",0.001120299339641,GO:0051173,0.0335933568193256,0.5482546201232033,7948.0,487.0,True,GO:BP,2,4
"""Any process that activates or increases the frequency, rate or extent of the chemical reactions and pathways resulting in the formation of substances, carried out by individual cells."" [GOC:mah]",0.0053500126929266,GO:0031328,0.0285606441872169,0.549636803874092,7948.0,413.0,True,GO:BP,2,4
"""Any process that activates or increases the frequency, rate or extent of the chemical reactions and pathways resulting in the formation of substances."" [GOC:go_curators]",0.0066138098251874,GO:0009891,0.0288122798188223,0.5478468899521531,7948.0,418.0,True,GO:BP,2,4
"""Any process that activates or increases the frequency, rate or extent of the chemical reactions and pathways within a cell or an organism."" [GOC:go_curators]",5.918236431463845e-05,GO:0009893,0.0390035228988424,0.5525846702317291,7948.0,561.0,True,GO:BP,2,4
"""Any process that activates or increases the rate or extent of development, the biological process whose specific outcome is the progression of an organism over time from an initial condition (e.g. a zygote, or a young adult) to a later condition (e.g. a multicellular animal or an aged adult)."" [GOC:ai]",0.0005327877079871,GO:0051094,0.0095621540010065,0.672566371681416,7948.0,113.0,True,GO:BP,2,4
"""Any process that decreases the frequency, rate or extent of cell communication. Cell communication is the process that mediates interactions between a cell and its surroundings. Encompasses interactions such as signaling or attachment between one cell and another cell, between a cell and an extracellular matrix, or between a cell and any other aspect of its environment."" [GOC:dph, GOC:tb]",0.0007367443853897,GO:0010648,0.0184952189229994,0.5951417004048583,7948.0,247.0,True,GO:BP,2,4
"""Any process that increases the frequency, rate or extent of the chemical reactions and pathways involving macromolecules, any molecule of high relative molecular mass, the structure of which essentially comprises the multiple repetition of units derived, actually or conceptually, from molecules of low relative molecular mass."" [GOC:dph, GOC:tb]",0.0006241432563475,GO:0010604,0.0364871665827881,0.5461393596986818,7948.0,531.0,True,GO:BP,2,4
"""Any process that increases the rate, frequency or extent of the chemical reactions and pathways resulting in the formation of a macromolecule, any molecule of high relative molecular mass, the structure of which essentially comprises the multiple repetition of units derived, actually or conceptually, from molecules of low relative molecular mass."" [GOC:dph, GOC:tb]",0.0106552161652475,GO:0010557,0.028057372924006,0.5465686274509803,7948.0,408.0,True,GO:BP,2,4
"""Any process that increases the rate, frequency or extent of the progression of the cell over time, from its formation to the mature structure. Cell development does not include the steps involved in committing a cell to a specific fate."" [GOC:BHF, GOC:dph, GOC:tb]",0.0276348821617458,GO:0010720,0.0041519879214896,0.75,7948.0,44.0,True,GO:BP,2,4
"""Any process that localizes a substance or cellular component. This may occur via movement, tethering or selective degradation."" [GOC:ai, GOC:dos]",0.001113531851857,GO:0051234,0.1766482133870156,0.4824742268041237,7948.0,2910.0,True,GO:BP,2,4
"""Any process that modulates the frequency, rate or extent of RNA biosynthetic process."" [GOC:dph]",4.39886536142045e-08,GO:2001141,0.1219174635128334,0.5129698253043938,7948.0,1889.0,True,GO:BP,2,4
"""Any process that modulates the frequency, rate or extent of a multicellular organismal process, the processes pertinent to the function of a multicellular organism above the cellular level; includes the integrated processes of tissues and organs."" [GOC:ai, GOC:dph, GOC:tb]",0.0029653375733147,GO:0051239,0.0317060895822848,0.5466377440347071,7948.0,461.0,True,GO:BP,2,4
"""Any process that modulates the frequency, rate or extent of a process involved in the formation, arrangement of constituent parts, or disassembly of cell projections."" [GOC:mah]",0.0247384388251312,GO:0031344,0.0086814292903875,0.6388888888888888,7948.0,108.0,True,GO:BP,2,4
"""Any process that modulates the frequency, rate or extent of a process involved in the formation, arrangement of constituent parts, or disassembly of plasma membrane bounded cell projections."" [GOC:krc]",0.0361707028088945,GO:0120035,0.0085556114745848,0.6355140186915887,7948.0,107.0,True,GO:BP,2,4
"""Any process that modulates the frequency, rate or extent of a signaling process."" [GOC:mtg_signal]",0.0241626387322356,GO:0023051,0.0539758429793658,0.5107142857142857,7948.0,840.0,True,GO:BP,2,4
"""Any process that modulates the frequency, rate or extent of anatomical structure morphogenesis."" [GOC:mah]",0.0311300931587731,GO:0022603,0.01157523905385,0.6052631578947368,7948.0,152.0,True,GO:BP,2,4
"""Any process that modulates the frequency, rate or extent of cell communication. Cell communication is the process that mediates interactions between a cell and its surroundings. Encompasses interactions such as signaling or attachment between one cell and another cell, between a cell and an extracellular matrix, or between a cell and any other aspect of its environment."" [GOC:dph, GOC:tb]",0.0222491143867671,GO:0010646,0.053472571716155,0.5114320096269555,7948.0,831.0,True,GO:BP,2,4
"""Any process that modulates the frequency, rate or extent of cellular DNA-templated transcription."" [GOC:go_curators, GOC:txnOH]",4.39886536142045e-08,GO:0006355,0.1219174635128334,0.5129698253043938,7948.0,1889.0,True,GO:BP,2,4
"""Any process that modulates the frequency, rate or extent of development, the biological process whose specific outcome is the progression of a multicellular organism over time from an initial condition (e.g. a zygote, or a young adult) to a later condition (e.g. a multicellular animal or an aged adult)."" [GOC:go_curators]",5.122700650131912e-06,GO:0050793,0.0312028183190739,0.5794392523364486,7948.0,428.0,True,GO:BP,2,4
"""Any process that modulates the frequency, rate or extent of multicellular organismal development."" [GOC:obol]",5.709445778037888e-06,GO:2000026,0.0174886763965777,0.634703196347032,7948.0,219.0,True,GO:BP,2,4
"""Any process that modulates the frequency, rate or extent of the chemical reactions and pathways by which individual cells transform chemical substances."" [GOC:mah]",0.0030268543868844,GO:0031323,0.1682184197282335,0.4818018018018018,7948.0,2775.0,True,GO:BP,2,4
"""Any process that modulates the frequency, rate or extent of the chemical reactions and pathways involving RNA."" [GOC:ai]",8.568387687450958e-10,GO:0051252,0.13009562154001,0.5167416291854073,7948.0,2001.0,True,GO:BP,2,4
"""Any process that modulates the frequency, rate or extent of the chemical reactions and pathways involving macromolecules, any molecule of high relative molecular mass, the structure of which essentially comprises the multiple repetition of units derived, actually or conceptually, from molecules of low relative molecular mass."" [GOC:dph, GOC:tb]",0.0219459915177883,GO:0060255,0.1659536990437846,0.4780717651322943,7948.0,2759.0,True,GO:BP,2,4
"""Any process that modulates the frequency, rate or extent of the chemical reactions and pathways involving nitrogen or nitrogenous compounds."" [GOC:ai, GOC:tb]",3.0110056505308254e-12,GO:0051171,0.150603925515853,0.5181818181818182,7948.0,2310.0,True,GO:BP,2,4
"""Any process that modulates the frequency, rate or extent of the chemical reactions and pathways within a cell or an organism involving those compounds formed as a part of the normal anabolic and catabolic processes. These processes take place in most, if not all, cells of the organism."" [PMID:19211694]",5.056609010633472e-13,GO:0080090,0.1536235530951182,0.5195744680851064,7948.0,2350.0,True,GO:BP,2,4
"""Any process that modulates the frequency, rate or extent of the chemical reactions and pathways within a cell or an organism."" [GOC:go_curators]",0.0027034161919493,GO:0019222,0.1746351283341721,0.4811091854419411,7948.0,2885.0,True,GO:BP,2,4
"""Any process that modulates the frequency, rate or extent of transcription mediated by RNA polymerase II."" [GOC:go_curators, GOC:txnOH]",0.0006057508528029,GO:0006357,0.0686965274282838,0.5146088595664468,7948.0,1061.0,True,GO:BP,2,4
"""Any process that stops, prevents or reduces the frequency, rate or extent of RNA biosynthetic process."" [GO:jl, GO_REF:0000058, GOC:TermGenie]",0.0039311430175748,GO:1902679,0.0167337695017614,0.5911111111111111,7948.0,225.0,True,GO:BP,2,4
"""Any process that stops, prevents or reduces the frequency, rate or extent of intracellular signal transduction."" [GOC:dph, GOC:signaling, GOC:tb, GOC:TermGenie]",0.0048634249254658,GO:1902532,0.0071716155007549,0.6867469879518072,7948.0,83.0,True,GO:BP,2,4
"""Any process that stops, prevents, or reduces the frequency, rate or extent of a response to a stimulus. Response to stimulus is a change in state or activity of a cell or an organism (in terms of movement, secretion, enzyme production, gene expression, etc.) as a result of a stimulus."" [GOC:jid]",0.0003455206567941,GO:0048585,0.0221439355812783,0.584717607973422,7948.0,301.0,True,GO:BP,2,4
"""Any process that stops, prevents, or reduces the frequency, rate or extent of a signaling process."" [GOC:mtg_signal]",0.0007367443853897,GO:0023057,0.0184952189229994,0.5951417004048583,7948.0,247.0,True,GO:BP,2,4
"""Any process that stops, prevents, or reduces the frequency, rate or extent of cellular DNA-templated transcription."" [GOC:go_curators, GOC:txnOH]",0.0039311430175748,GO:0045892,0.0167337695017614,0.5911111111111111,7948.0,225.0,True,GO:BP,2,4
"""Any process that stops, prevents, or reduces the frequency, rate or extent of signal transduction."" [GOC:sm]",0.0006550719548098,GO:0009968,0.0178661298439859,0.5991561181434599,7948.0,237.0,True,GO:BP,2,4
"""Any process that stops, prevents, or reduces the frequency, rate or extent of the chemical reactions and pathways involving RNA."" [GOC:ai]",0.0023562305908628,GO:0051253,0.0176144942123804,0.5907172995780591,7948.0,237.0,True,GO:BP,2,4
"""Any process that stops, prevents, or reduces the frequency, rate or extent of the chemical reactions and pathways involving nitrogen or nitrogenous compounds."" [GOC:ai, GOC:tb]",0.0059738534180767,GO:0051172,0.0234021137393054,0.5619335347432024,7948.0,331.0,True,GO:BP,2,4
"""Any process, occuring in a cell, that localizes a substance or cellular component. This may occur via movement, tethering or selective degradation."" [GOC:ai, GOC:dos, GOC:dph, GOC:tb]",0.0105606980017567,GO:0051649,0.0481882234524408,0.518970189701897,7948.0,738.0,True,GO:BP,2,4
"""Any protein complex that is part of a membrane."" [GOC:dos]",1.0805398646148433e-06,GO:0098796,0.0721050008307027,0.5099882491186839,6019.0,851.0,True,GO:CC,2,4
"""Any protein complex that is part of the inner mitochondrial membrane."" [GOC:dos]",0.0036816185633049,GO:0098800,0.0117959793985711,0.6068376068376068,6019.0,117.0,True,GO:CC,2,4
"""Any small, fluid-filled, spherical organelle enclosed by membrane."" [GOC:mah, GOC:pz, GOC:vesicles]",1.2944185921181862e-05,GO:0031982,0.0428642631666389,0.5330578512396694,6019.0,484.0,True,GO:CC,2,4
"""Any vesicle that is part of the intracellular region."" [GOC:vesicles]",1.0886772469633396e-05,GO:0097708,0.0410367170626349,0.5369565217391304,6019.0,460.0,True,GO:CC,2,4
"""Binding to DNA of a specific nucleotide composition, e.g. GC-rich DNA binding, or with a specific sequence motif or type of DNA e.g. promotor binding or rDNA binding."" [GOC:jl]",0.0001009606821702,GO:0043565,0.0490939738727349,0.5,9492.0,932.0,True,GO:MF,2,4
"""Binding to a calcium ion (Ca2+)."" [GOC:ai]",4.046926699929147e-05,GO:0005509,0.0445638432364096,0.5078031212484994,9492.0,833.0,True,GO:MF,2,4
"""Binding to a cation, a charged atom or group of atoms with a net positive charge."" [GOC:jl]",0.003341272868935,GO:0043169,0.149283607248209,0.4554805528768884,9492.0,3111.0,True,GO:MF,2,4
"""Binding to a cell adhesion molecule."" [GOC:ai]",0.0025589752907449,GO:0050839,0.006110408765276,0.651685393258427,9492.0,89.0,True,GO:MF,2,4
"""Binding to a kinase, any enzyme that catalyzes the transfer of a phosphate group."" [GOC:jl]",0.0466374364048658,GO:0019900,0.0073746312684365,0.5882352941176471,9492.0,119.0,True,GO:MF,2,4
"""Binding to a lipid."" [GOC:ai]",4.958173276076321e-06,GO:0008289,0.0256005056890012,0.5510204081632653,9492.0,441.0,True,GO:MF,2,4
"""Binding to a macromolecular complex."" [GOC:jl]",0.0001500069085932,GO:0044877,0.0277075431942688,0.5291750503018109,9492.0,497.0,True,GO:MF,2,4
"""Binding to a metal ion."" [GOC:ai]",0.0022335914643706,GO:0046872,0.1465444584913611,0.4566644780039396,9492.0,3046.0,True,GO:MF,2,4
"""Binding to a microtubule, a filament composed of tubulin monomers."" [GOC:krc]",0.0029704851922789,GO:0008017,0.0109565950273914,0.5810055865921788,9492.0,179.0,True,GO:MF,2,4
"""Binding to a nucleic acid region that regulates a nucleic acid-based process. Such processes include transcription, DNA replication, and DNA repair."" [GOC:txnOH]",0.0001805023424055,GO:0001067,0.0377159713442899,0.5106990014265336,9492.0,701.0,True,GO:MF,2,4
"""Binding to a nucleotide, any compound consisting of a nucleoside that is esterified with (ortho)phosphate or an oligophosphate at any hydroxyl group on the ribose or deoxyribose."" [GOC:mah, ISBN:0198547684]",0.0148076387197485,GO:0000166,0.1407501053518752,0.4536502546689304,9492.0,2945.0,True,GO:MF,2,4
"""Binding to a phospholipid, a class of lipids containing phosphoric acid as a mono- or diester."" [ISBN:0198506732]",9.699439605800844e-05,GO:0005543,0.0151706700379266,0.5783132530120482,9492.0,249.0,True,GO:MF,2,4
"""Binding to a protein component of a cytoskeleton (actin, microtubule, or intermediate filament cytoskeleton)."" [GOC:mah]",2.1720632920533112e-12,GO:0008092,0.0383480825958702,0.5705329153605015,9492.0,638.0,True,GO:MF,2,4
"""Binding to a protein."" [GOC:go_curators]",5.664757774731203e-22,GO:0005515,0.359882005899705,0.4688443590447433,9492.0,7286.0,True,GO:MF,2,4
"""Binding to a small molecule, any low molecular weight, monomeric, non-encoded molecule."" [GOC:curators, GOC:pde, GOC:pm]",4.039462398310811e-09,GO:0036094,0.2903497682258744,0.4568208188297696,9492.0,6033.0,True,GO:MF,2,4
"""Binding to a specific sequence of DNA that is part of a regulatory region that controls the transcription of a gene or cistron by RNA polymerase II."" [GOC:txnOH]",0.0008133466280869,GO:0000977,0.0353982300884955,0.5075528700906344,9492.0,662.0,True,GO:MF,2,4
"""Binding to a specific sequence of DNA that is part of a regulatory region that controls transcription of that section of the DNA. The transcribed region might be described as a gene, cistron, or operon."" [GOC:txnOH]",0.0001805023424055,GO:0000976,0.0377159713442899,0.5106990014265336,9492.0,701.0,True,GO:MF,2,4
"""Binding to a specific upstream regulatory DNA sequence (transcription factor recognition sequence or binding site) located in cis relative to the transcription start site (i.e., on the same strand of DNA) of a gene transcribed by RNA polymerase II."" [GOC:txnOH-2018]",9.091216118140545e-08,GO:0000978,0.0283396544458491,0.5604166666666667,9492.0,480.0,True,GO:MF,2,4
"""Binding to a specific upstream regulatory DNA sequence (transcription factor recognition sequence or binding site, located in cis relative to the transcription start site (i.e., on the same strand of DNA) of a gene transcribed by some RNA polymerase. Cis-regulatory sites are often referred to as a sequence motifs, enhancers, or silencers."" [GOC:txnOH-2018]",4.7813973178407766e-08,GO:0000987,0.028866413822166,0.5614754098360656,9492.0,488.0,True,GO:MF,2,4
"""Binding to an actin filament, also known as F-actin, a helical filamentous polymer of globular G-actin subunits."" [ISBN:0198506732]",0.0111212761704414,GO:0051015,0.0105351875263379,0.5714285714285714,9492.0,175.0,True,GO:MF,2,4
"""Binding to an adenyl nucleotide, an adenosine esterified with (ortho)phosphate."" [ISBN:0198506732]",0.0281777702207482,GO:0030554,0.1033501896333754,0.4586255259467041,9492.0,2139.0,True,GO:MF,2,4
"""Binding to an anion, a charged atom or group of atoms with a net negative charge."" [GOC:jl]",0.0119615945387316,GO:0043168,0.1452802359882005,0.4534692535350214,9492.0,3041.0,True,GO:MF,2,4
"""Binding to an enzyme, a protein with catalytic activity."" [GOC:jl]",0.0002084918490371,GO:0019899,0.0220185419300463,0.5428571428571428,9492.0,385.0,True,GO:MF,2,4
"""Binding to an ion, a charged atoms or groups of atoms."" [GOC:jl]",1.7271537238235645e-08,GO:0043167,0.2815002107037505,0.4563620836891546,9492.0,5855.0,True,GO:MF,2,4
"""Binding to collagen, a group of fibrous proteins of very high tensile strength that form the main component of connective tissue in animals. Collagen is highly enriched in glycine (some regions are 33% glycine) and proline, occurring predominantly as 3-hydroxyproline (about 20%)."" [GOC:ai, ISBN:0198506732]",0.0036905733020108,GO:0005518,0.0013695743784239,1.0,9492.0,13.0,True,GO:MF,2,4
"""Binding to double-stranded DNA of a specific nucleotide composition, e.g. GC-rich DNA binding, or with a specific sequence motif or type of DNA, e.g. promotor binding or rDNA binding."" [GOC:dos, GOC:sl]",0.0001673169495358,GO:1990837,0.0386641382216603,0.5097222222222222,9492.0,720.0,True,GO:MF,2,4
"""Binding to double-stranded DNA."" [GOC:elh, GOC:vw]",0.000804570539618,GO:0003690,0.0403497682258744,0.5013089005235603,9492.0,764.0,True,GO:MF,2,4
"""Binding to heterocyclic compound."" [GOC:TermGenie]",0.0114339777418717,GO:1901363,0.1465444584913611,0.4533898305084746,9492.0,3068.0,True,GO:MF,2,4
"""Binding to monomeric or multimeric forms of actin, including actin filaments."" [GOC:clt]",5.204836614630109e-05,GO:0003779,0.0210703750526759,0.554016620498615,9492.0,361.0,True,GO:MF,2,4
"""Binding to monomeric or multimeric forms of tubulin, including microtubules."" [GOC:clt]",0.0003833813504706,GO:0015631,0.013063632532659,0.5821596244131455,9492.0,213.0,True,GO:MF,2,4
"""Binding to nucleoside phosphate."" [GOC:TermGenie]",0.0148076387197485,GO:1901265,0.1407501053518752,0.4536502546689304,9492.0,2945.0,True,GO:MF,2,4
"""Binds to and modulates the activity of an enzyme."" [GOC:dph, GOC:mah, GOC:tb]",2.5647540378307437e-06,GO:0030234,0.0460387694900969,0.5153301886792453,9492.0,848.0,True,GO:MF,2,4
"""Blood vessel formation when new vessels emerge from the proliferation of pre-existing blood vessels."" [ISBN:0878932453]",0.0035196164653797,GO:0001525,0.0119526925012581,0.625,7948.0,152.0,True,GO:BP,2,4
"""Catalysis of a biochemical reaction at physiological temperatures. In biologically catalyzed reactions, the reactants are known as substrates, and the catalysts are naturally occurring macromolecular substances known as enzymes. Enzymes possess specific binding sites for substrates, and are usually composed wholly or largely of protein, but RNA that has catalytic activity (ribozyme) is often also regarded as enzymatic."" [GOC:vw, ISBN:0198506732]",9.400814267616087e-11,GO:0003824,0.3420775389801938,0.455335857523489,9492.0,7131.0,True,GO:MF,2,4
"""Catalysis of the hydrolysis of various bonds, e.g. C-O, C-N, C-C, phosphoric anhydride bonds, etc."" [ISBN:0198506732]",0.0111051026522476,GO:0016787,0.1297935103244837,0.4559585492227979,9492.0,2702.0,True,GO:MF,2,4
"""Catalysis of the reaction: RPO-R' + H2O = RPOOH + R'H. This reaction is the hydrolysis of any phosphoric ester bond, any ester formed from orthophosphoric acid, O=P(OH)3."" [GOC:jl]",0.0181142988693111,GO:0042578,0.0238095238095238,0.5113122171945701,9492.0,442.0,True,GO:MF,2,4
"""Catalysis of the reaction: acyl-CoA + sphingosine = CoA + N-acylsphingosine."" [EC:2.3.1.24, MetaCyc:SPHINGOSINE-N-ACYLTRANSFERASE-RXN, PMID:12069845]",0.0209065697009943,GO:0050291,0.0011588706278971,1.0,9492.0,11.0,True,GO:MF,2,4
"""Catalysis of the transfer of a phosphorus-containing group from one compound (donor) to another (acceptor)."" [GOC:jl, ISBN:0198506732]",0.0411470923122073,GO:0016772,0.073535608933839,0.4656437625083389,9492.0,1499.0,True,GO:MF,2,4
"""De novo generation of a long process of a neuron, including the terminal branched region. Refers to the morphogenesis or creation of shape or form of the developing axon, which carries efferent (outgoing) action potentials from the cell body towards target cells."" [GOC:dph, GOC:jid, GOC:pg, GOC:pr, ISBN:0198506732]",1.4392692895512086e-06,GO:0007409,0.018243583291394,0.6387665198237885,7948.0,227.0,True,GO:BP,2,4
"""Development of a tissue or tissues that work together to perform a specific function or functions. Development pertains to the process whose specific outcome is the progression of a structure over time, from its formation to the mature structure. Organs are commonly observed as visibly distinct structures, but may also exist as loosely associated clusters of cells that work together to perform a specific function or functions."" [GOC:dph, GOC:jid]",6.553897707306977e-17,GO:0048513,0.0840463009562154,0.5704526046114432,7948.0,1171.0,True,GO:BP,2,4
"""Development, taking place during the embryonic phase, of a tissue or tissues that work together to perform a specific function or functions. Development pertains to the process whose specific outcome is the progression of a structure over time, from its formation to the mature structure. Organs are commonly observed as visibly distinct structures, but may also exist as loosely associated clusters of cells that work together to perform a specific function or functions."" [GOC:jid]",0.0010584546768684,GO:0048568,0.0168595873175641,0.600896860986547,7948.0,223.0,True,GO:BP,2,4
"""Either of the lipid bilayers that surround the mitochondrion and form the mitochondrial envelope."" [GOC:mah, NIF_Subcellular:sao1045389829]",0.0001065352947552,GO:0031966,0.0245888021265991,0.5648854961832062,6019.0,262.0,True,GO:CC,2,4
"""Enables the directed movement of substances (such as macromolecules, small molecules, ions) into, out of or within a cell, or between cells."" [GOC:ai, GOC:dgf]",0.000116886008163,GO:0005215,0.072166034555415,0.4837570621468927,9492.0,1416.0,True,GO:MF,2,4
"""Enables the transfer of a negatively charged ion from one side of a membrane to the other."" [GOC:dgf, GOC:mtg_transport, ISBN:0815340729]",0.0305343972272582,GO:0008509,0.0067425200168563,0.6037735849056604,9492.0,106.0,True,GO:MF,2,4
"""Enables the transfer of a proton from one side of a membrane to the other."" [GOC:ai]",0.0003977789842284,GO:0015078,0.0058997050147492,0.6829268292682927,9492.0,82.0,True,GO:MF,2,4
"""Enables the transfer of a specific substance or related group of substances from one side of a membrane to the other, up the solute's concentration gradient. The transporter binds the solute and undergoes a series of conformational changes. Transport works equally well in either direction."" [GOC:mtg_transport, ISBN:0815340729]",0.0003171092757964,GO:0022804,0.0198061525495153,0.5481049562682215,9492.0,343.0,True,GO:MF,2,4
"""Enables the transfer of a substance, usually a specific substance or a group of related substances, from one side of a membrane to the other."" [GOC:jid, GOC:mtg_transport, ISBN:0815340729]",1.737369086947403e-05,GO:0022857,0.0683733670459334,0.4909228441754917,9492.0,1322.0,True,GO:MF,2,4
"""Enables the transfer of an inorganic molecular entity from the outside of a cell to the inside of the cell across a membrane. An inorganic molecular entity is a molecular entity that contains no carbon."" [GOC:mtg_transport, ISBN:0815340729]",1.6265769555995025e-07,GO:0015318,0.0355035819637589,0.5409309791332263,9492.0,623.0,True,GO:MF,2,4
"""Enables the transfer of an ion from one side of a membrane to the other up the solute's concentration gradient. This is carried out by binding the solute and undergoing a series of conformational changes. Transport works equally well in either direction."" [GOC:mtg_transport, ISBN:0815340729]",0.0002401408886852,GO:0022853,0.0111672987779182,0.6022727272727273,9492.0,176.0,True,GO:MF,2,4
"""Enables the transfer of an ion from one side of a membrane to the other."" [GOC:dgf, GOC:mtg_transport, ISBN:0815340729]",1.3573128125871927e-05,GO:0015075,0.043299620733249,0.5131086142322098,9492.0,801.0,True,GO:MF,2,4
"""Enables the transfer of cation from one side of a membrane to the other."" [GOC:dgf, GOC:mtg_transport, ISBN:0815340729]",2.965063594229629e-05,GO:0008324,0.0335018963337547,0.5247524752475248,9492.0,606.0,True,GO:MF,2,4
"""Enables the transfer of inorganic anions from one side of a membrane to the other. Inorganic anions are atoms or small molecules with a negative charge which do not contain carbon in covalent linkage."" [GOC:ai]",0.0462946932109425,GO:0015103,0.0071639275179098,0.591304347826087,9492.0,115.0,True,GO:MF,2,4
"""Enables the transfer of inorganic cations from one side of a membrane to the other. Inorganic cations are atoms or small molecules with a positive charge that do not contain carbon in covalent linkage."" [GOC:ai, GOC:mtg_transport, ISBN:0815340729]",2.840670788842824e-06,GO:0022890,0.0299199325747998,0.5419847328244275,9492.0,524.0,True,GO:MF,2,4
"""Enables the transfer of metal ions from one side of a membrane to the other."" [GOC:ai]",0.0016354113373842,GO:0046873,0.0240202275600505,0.5253456221198156,9492.0,434.0,True,GO:MF,2,4
"""Fibers, composed of actin, myosin, and associated proteins, found in cells of smooth or striated muscle."" [GOC:go_curators, ISBN:0815316194]",4.463162841574537e-06,GO:0043292,0.0099684332945672,0.7142857142857143,6019.0,84.0,True,GO:CC,2,4
"""Generation of cells within the nervous system."" [GO_REF:0000021, GOC:cls, GOC:curators, GOC:dgh, GOC:dph, GOC:jid]",2.5071990641827954e-14,GO:0022008,0.0461751383995973,0.610648918469218,7948.0,601.0,True,GO:BP,2,4
"""Modulates the activity of a kinase, an enzyme which catalyzes of the transfer of a phosphate group, usually from ATP, to a substrate molecule."" [GOC:ai]",0.0004231798729862,GO:0019207,0.0073746312684365,0.6481481481481481,9492.0,108.0,True,GO:MF,2,4
"""Modulates the activity of a protein kinase, an enzyme which phosphorylates a protein."" [GOC:ai]",4.5183243569701095e-05,GO:0019887,0.0062157606405394,0.7023809523809523,9492.0,84.0,True,GO:MF,2,4
"""Morphogenesis of an animal organ. An organ is defined as a tissue or set of tissues that work together to perform a specific function or functions. Morphogenesis is the process in which anatomical structures are generated and organized. Organs are commonly observed as visibly distinct structures, but may also exist as loosely associated clusters of cells that work together to perform a specific function or functions."" [GOC:dgh, GOC:go_curators, ISBN:0471245208, ISBN:0721662544]",7.214775314794783e-05,GO:0009887,0.0245344740815299,0.5855855855855856,7948.0,333.0,True,GO:BP,2,4
"""Morphogenesis, during the embryonic phase, of a tissue or tissues that work together to perform a specific function or functions. Morphogenesis is the process in which anatomical structures are generated and organized. Organs are commonly observed as visibly distinct structures, but may also exist as loosely associated clusters of cells that work together to perform a specific function or functions."" [GOC:jid]",0.0053259014638793,GO:0048562,0.0109461499748364,0.6304347826086957,7948.0,138.0,True,GO:BP,2,4
"""Organized structure of distinctive morphology and function, bounded by a single or double lipid bilayer membrane and occurring within the cell. Includes the nucleus, mitochondria, plastids, vacuoles, and vesicles. Excludes the plasma membrane."" [GOC:go_curators]",8.560603964048344e-09,GO:0043231,0.4171789333776375,0.4490343347639485,6019.0,5592.0,True,GO:CC,2,4
"""Organized structure of distinctive morphology and function, bounded by a single or double lipid bilayer membrane. Includes the nucleus, mitochondria, plastids, vacuoles, and vesicles. Excludes the plasma membrane."" [GOC:go_curators]",5.732510061997838e-09,GO:0043227,0.4274796477820236,0.4486486486486487,6019.0,5735.0,True,GO:CC,2,4
"""Platelike region of a muscle sarcomere to which the plus ends of actin filaments are attached."" [GOC:mtg_muscle, ISBN:0815316194]",0.0369914341429146,GO:0030018,0.0044857949825552,0.7105263157894737,6019.0,38.0,True,GO:CC,2,4
"""The biological process whose specific outcome is the progression of a multicellular organism over time from an initial condition (e.g. a zygote or a young adult) to a later condition (e.g. a multicellular animal or an aged adult)."" [GOC:dph, GOC:ems, GOC:isa_complete, GOC:tb]",2.587974759958043e-32,GO:0007275,0.1424257674886763,0.5734549138804458,7948.0,1974.0,True,GO:BP,2,4
"""The biological process whose specific outcome is the progression of an anatomical structure from an initial condition to its mature state. This process begins with the formation of the structure and ends with the mature structure, whatever form that may be including its natural destruction. An anatomical structure is any biological entity that occupies space and is distinguished from its surroundings. Anatomical structures can be macroscopic such as a carpel, or microscopic such as an acrosome."" [GO_REF:0000021]",1.7362705669617764e-39,GO:0048856,0.1799194765978862,0.5681366706396503,7948.0,2517.0,True,GO:BP,2,4
"""The broad region around and including the plasma membrane of a cell, encompassing the cell cortex (inside the cell), the plasma membrane, and any external encapsulating structures."" [GOC:pdt]",5.155372500262932e-10,GO:0071944,0.1663066954643628,0.4852157052835676,6019.0,2063.0,True,GO:CC,2,4
"""The cellular developmental process in which a relatively unspecialized cell, e.g. embryonic or regenerative cell, acquires specialized structural and/or functional features that characterize a specific cell. Differentiation includes the processes involved in commitment of a cell to a specific fate and its subsequent development to the mature state."" [ISBN:0198506732]",2.2641783873253964e-20,GO:0030154,0.0954957221942627,0.573262839879154,7948.0,1324.0,True,GO:BP,2,4
"""The cellular developmental process in which a specific cell progresses from an immature to a mature state. Cell development start once cell commitment has taken place."" [GOC:go_curators]",4.680428239590685e-18,GO:0048468,0.0707096124811273,0.5897166841552991,7948.0,953.0,True,GO:BP,2,4
"""The chemical reactions and pathways resulting in the breakdown of an organic substance, any molecular entity containing carbon."" [GOC:pr, GOC:TermGenie]",0.0019942828537503,GO:1901575,0.0529693004529441,0.5216852540272615,7948.0,807.0,True,GO:BP,2,4
"""The chemical reactions and pathways resulting in the breakdown of substances, carried out by individual cells."" [GOC:jl]",0.0018758941488217,GO:0044248,0.0358580775037745,0.5418250950570342,7948.0,526.0,True,GO:BP,2,4
"""The chemical reactions and pathways resulting in the breakdown of substances, including the breakdown of carbon compounds with the liberation of energy for use by the cell or organism."" [ISBN:0198547684]",3.733031410486197e-06,GO:0009056,0.0637896326119778,0.5336842105263158,7948.0,950.0,True,GO:BP,2,4
"""The chemical reactions and pathways resulting in the formation of RNA, ribonucleic acid, one of the two main type of nucleic acid, consisting of a long, unbranched macromolecule formed from ribonucleotides joined in 3',5'-phosphodiester linkage. Includes polymerization of ribonucleotide monomers. Refers not only to transcription but also to e.g. viral RNA replication."" [GOC:mah, GOC:txnOH]",9.968012183643515e-08,GO:0032774,0.1299698037242073,0.5088669950738917,7948.0,2030.0,True,GO:BP,2,4
"""The chemical reactions and pathways resulting in the formation of aromatic compounds, any substance containing an aromatic carbon ring."" [GOC:ai]",4.729496800198044e-07,GO:0019438,0.1469552088575742,0.5015027908973808,7948.0,2329.0,True,GO:BP,2,4
"""The chemical reactions and pathways resulting in the formation of heterocyclic compounds, those with a cyclic molecular structure and at least two different atoms in the ring (or rings)."" [ISBN:0198547684]",2.424348604845723e-07,GO:0018130,0.1479617513839959,0.5023494233233661,7948.0,2341.0,True,GO:BP,2,4
"""The chemical reactions and pathways resulting in the formation of nucleobases, nucleosides, nucleotides and nucleic acids."" [GOC:mah]",8.293891164667434e-08,GO:0034654,0.1441872169099144,0.5050683120317321,7948.0,2269.0,True,GO:BP,2,4
"""The chemical reactions and pathways resulting in the formation of organic and inorganic nitrogenous compounds."" [GOC:jl, ISBN:0198506732]",2.5444813093544022e-09,GO:0044271,0.176019124308002,0.5025143678160919,7948.0,2784.0,True,GO:BP,2,4
"""The chemical reactions and pathways resulting in the formation of organic cyclic compound."" [GOC:TermGenie]",4.284770657353816e-07,GO:1901362,0.1512330145948666,0.5006247396917951,7948.0,2401.0,True,GO:BP,2,4
"""The chemical reactions and pathways resulting in the formation of organonitrogen compound."" [GOC:pr, GOC:TermGenie]",0.0015395936311941,GO:1901566,0.065928535480624,0.5132223310479922,7948.0,1021.0,True,GO:BP,2,4
"""The chemotaxis process that directs the migration of an axon growth cone to a specific target site in response to a combination of attractive and repulsive cues."" [ISBN:0878932437]",0.0243884082945596,GO:0007411,0.010694514343231,0.6159420289855072,7948.0,138.0,True,GO:BP,2,4
"""The contents of a cell excluding the plasma membrane and nucleus, but including other subcellular structures."" [ISBN:0198547684]",3.994452359707416e-64,GO:0005737,0.385113806280113,0.5217195588566284,6019.0,4443.0,True,GO:CC,2,4
"""The continuous network of membranes encompassing the nuclear outer membrane and the endoplasmic reticulum membrane."" [GOC:bf, GOC:jl, GOC:mah, GOC:mcc, GOC:pr, GOC:vw]",2.626975133832621e-06,GO:0042175,0.0234258182422329,0.5949367088607594,6019.0,237.0,True,GO:CC,2,4
"""The contractile element of skeletal and cardiac muscle; a long, highly organized bundle of actin, myosin, and other proteins that contracts by a sliding filament mechanism."" [ISBN:0815316194]",2.304451465053772e-05,GO:0030016,0.0094700116298388,0.7037037037037037,6019.0,81.0,True,GO:CC,2,4
"""The developmental process in which the size or shape of a cell is generated and organized."" [GOC:clt, GOC:dph, GOC:go_curators, GOC:tb]",4.543213172718301e-07,GO:0000902,0.0260442878711625,0.6070381231671554,7948.0,341.0,True,GO:BP,2,4
"""The developmental process pertaining to the initial formation of an anatomical structure from unspecified parts. This process begins with the specific processes that contribute to the appearance of the discrete structure and ends when the structural rudiment is recognizable. An anatomical structure is any biological entity that occupies space and is distinguished from its surroundings. Anatomical structures can be macroscopic such as a carpel, or microscopic such as an acrosome."" [GOC:dph, GOC:jid, GOC:tb]",1.7820969470537758e-10,GO:0048646,0.0314544539506794,0.6218905472636815,7948.0,402.0,True,GO:BP,2,4
"""The directed movement of a monoatomic cation, into, out of or within a cell, or between cells, by means of some agent such as a transporter or pore. Monatomic cations (also called simple cations) are positively charged ions consisting of exactly one atom."" [GOC:ai]",0.0067476458167576,GO:0006812,0.0412682435832914,0.5281803542673108,7948.0,621.0,True,GO:BP,2,4
"""The directed movement of a monoatomic ion into, out of or within a cell, or between cells, by means of some agent such as a transporter or pore. Monatomic ions (also called simple ions) are ions consisting of exactly one atom."" [GOC:ai]",0.0026027560180622,GO:0006811,0.0590085556114745,0.5159515951595159,7948.0,909.0,True,GO:BP,2,4
"""The directed movement of nitrogen-containing compounds into, out of or within a cell, or between cells, by means of some agent such as a transporter or pore."" [GOC:mah]",0.0286244827929096,GO:0071705,0.0463009562154001,0.5161290322580645,7948.0,713.0,True,GO:BP,2,4
"""The directed movement of some substance from outside of a cell into a cell. This may occur via transport across the plasma membrane or via endocytosis."" [GOC:dos]",0.0346042871402079,GO:0098657,0.019124308002013,0.562962962962963,7948.0,270.0,True,GO:BP,2,4
"""The directed movement of substances (such as macromolecules, small molecules, ions) or cellular components (such as complexes and organelles) into, out of or within a cell, or between cells, or within a multicellular organism by means of some agent such as a transporter or a transporter complex, a pore or a motor protein."" [GOC:dos, GOC:dph, GOC:jl, GOC:mah]",4.906976652734966e-07,GO:0006810,0.1716155007549069,0.496,7948.0,2750.0,True,GO:BP,2,4
"""The double lipid bilayer enclosing the mitochondrion and separating its contents from the cell cytoplasm; includes the intermembrane space."" [GOC:ai, GOC:pz]",2.397497045765509e-05,GO:0005740,0.0274131915600598,0.565068493150685,6019.0,292.0,True,GO:CC,2,4
"""The external membrane of Gram-negative bacteria or certain organelles such as mitochondria and chloroplasts; freely permeable to most ions and metabolites."" [GOC:go_curators]",0.0002049230139648,GO:0019867,0.0066456221963781,0.7407407407407407,6019.0,54.0,True,GO:CC,2,4
"""The gel-like material, with considerable fine structure, that lies in the matrix space, or lumen, of a mitochondrion. It contains the enzymes of the tricarboxylic acid cycle and, in some organisms, the enzymes concerned with fatty acid oxidation."" [GOC:as, ISBN:0198506732]",0.0050058063865418,GO:0005759,0.0084731683003821,0.6455696202531646,6019.0,79.0,True,GO:CC,2,4
"""The inner, i.e. lumen-facing, lipid bilayer of an organelle envelope; usually highly selective to most ions and metabolites."" [GOC:mah]",0.0109495358432884,GO:0019866,0.0174447582654926,0.5555555555555556,6019.0,189.0,True,GO:CC,2,4
"""The inner, i.e. lumen-facing, lipid bilayer of the mitochondrial envelope. It is highly folded to form cristae."" [GOC:ai]",0.0270720925877111,GO:0005743,0.0169463366007642,0.5483870967741935,6019.0,186.0,True,GO:CC,2,4
"""The irregular network of unit membranes, visible only by electron microscopy, that occurs in the cytoplasm of many eukaryotic cells. The membranes form a complex meshwork of tubular channels, which are often expanded into slitlike cavities called cisternae. The ER takes two forms, rough (or granular), with ribosomes adhering to the outer surface, and smooth (with no ribosomes attached)."" [ISBN:0198506732]",5.58023339987399e-06,GO:0005783,0.0405382953979066,0.541019955654102,6019.0,451.0,True,GO:CC,2,4
"""The junction between an axon of one neuron and a dendrite of another neuron, a muscle fiber or a glial cell. As the axon approaches the synapse it enlarges into a specialized structure, the presynaptic terminal bouton, which contains mitochondria and synaptic vesicles. At the tip of the terminal bouton is the presynaptic membrane; facing it, and separated from it by a minute cleft (the synaptic cleft) is a specialized area of membrane on the receiving cell, known as the postsynaptic membrane. In response to the arrival of nerve impulses, the presynaptic terminal bouton secretes molecules of neurotransmitters into the synaptic cleft. These diffuse across the cleft and transmit the signal to the postsynaptic membrane."" [GOC:aruk, ISBN:0198506732, PMID:24619342, PMID:29383328, PMID:31998110]",0.0065246059946281,GO:0045202,0.0358863598604419,0.5106382978723404,6019.0,423.0,True,GO:CC,2,4
"""The lipid bilayer surrounding any of the compartments of the Golgi apparatus."" [GOC:mah]",0.0002380641835454,GO:0000139,0.0137896660574846,0.6194029850746269,6019.0,134.0,True,GO:CC,2,4
"""The lipid bilayer surrounding the endoplasmic reticulum."" [GOC:mah]",7.954891810187486e-06,GO:0005789,0.0229273965775045,0.5897435897435898,6019.0,234.0,True,GO:CC,2,4
"""The lipid bilayer that forms the outer-most layer of an organelle."" [GOC:dos]",2.9550601336878006e-09,GO:0098588,0.044359528160824,0.565677966101695,6019.0,472.0,True,GO:CC,2,4
"""The long process of a neuron that conducts nerve impulses, usually away from the cell body to the terminals and varicosities, which are sites of storage and release of neurotransmitter."" [GOC:nln, ISBN:0198506732]",0.0357178785787151,GO:0030424,0.0109652766240239,0.584070796460177,6019.0,113.0,True,GO:CC,2,4
"""The membrane surrounding a cell that separates the cell from its external environment. It consists of a phospholipid bilayer and associated proteins."" [ISBN:0716731363]",5.152252607536257e-08,GO:0005886,0.1473666722046851,0.4825897714907508,6019.0,1838.0,True,GO:CC,2,4
"""The outer, i.e. cytoplasm-facing in a cellular organelle, lipid bilayer of an organelle envelope."" [GOC:mah]",0.0006605362864491,GO:0031968,0.0063133410865592,0.7307692307692307,6019.0,52.0,True,GO:CC,2,4
"""The outer, i.e. cytoplasm-facing, lipid bilayer of the mitochondrial envelope."" [GOC:ai]",0.0011744305315586,GO:0005741,0.0061472005316497,0.7254901960784313,6019.0,51.0,True,GO:CC,2,4
"""The part of the cytoplasm that does not contain organelles but which does contain other particulate matter, such as protein complexes."" [GOC:hjd, GOC:jl]",2.904591642138073e-05,GO:0005829,0.0505067286924738,0.5187713310580204,6019.0,586.0,True,GO:CC,2,4
"""The part of the cytoskeleton (the internal framework of a cell) composed of actin and associated proteins. Includes actin cytoskeleton-associated complexes."" [GOC:jl, ISBN:0395825172, ISBN:0815316194]",3.858936145258603e-08,GO:0015629,0.0257517860109652,0.610236220472441,6019.0,254.0,True,GO:CC,2,4
"""The process in which a cellular entity is generated and organized. A cellular entity has granularity above the level of a protein complex but below that of an anatomical system."" [GOC:dph, GOC:mah, GOC:tb]",1.4856469232539632e-08,GO:0032989,0.0250377453447408,0.6277602523659306,7948.0,317.0,True,GO:BP,2,4
"""The process in which a monoatomic cation is transported across a membrane. Monatomic cations (also called simple cations) are positively charged ions consisting of exactly one atom."" [GOC:dos, GOC:vw]",0.0006243652193361,GO:0098655,0.0284348263714141,0.5621890547263682,7948.0,402.0,True,GO:BP,2,4
"""The process in which a relatively unspecialized cell acquires specialized features of a neuron."" [GOC:mah]",6.259911867934687e-12,GO:0030182,0.0391293407146451,0.6110019646365422,7948.0,509.0,True,GO:BP,2,4
"""The process in which a solute is transported across a lipid bilayer, from one side of a membrane to the other."" [GOC:dph, GOC:jid]",0.0103111731340198,GO:0055085,0.0795168595873175,0.5,7948.0,1264.0,True,GO:BP,2,4
"""The process in which an inorganic ion is transported across a membrane."" [GOC:mah]",2.9995050835686583e-06,GO:0098660,0.0318319073980875,0.5802752293577982,7948.0,436.0,True,GO:BP,2,4
"""The process in which anatomical structures are generated and organized during the embryonic phase. The embryonic phase begins with zygote formation. The end of the embryonic phase is organism-specific. For example, it would be at birth for mammals, larval hatching for insects and seed dormancy in plants."" [GOC:jid, GOC:mtg_sensu]",0.0095964107217893,GO:0048598,0.0205083039758429,0.5679442508710801,7948.0,287.0,True,GO:BP,2,4
"""The process in which anatomical structures are generated and organized. Morphogenesis pertains to the creation of form."" [GOC:go_curators, ISBN:0521436125]",3.839128231539806e-18,GO:0009653,0.0786361348766985,0.5808550185873605,7948.0,1076.0,True,GO:BP,2,4
"""The process in which nerve cells are generated. This includes the production of neuroblasts and their differentiation into neurons."" [GOC:nln]",4.051856883483567e-12,GO:0048699,0.0402617010568696,0.6095238095238096,7948.0,525.0,True,GO:BP,2,4
"""The process in which the anatomical structures of a cell projection are generated and organized."" [GO_REF:0000021]",5.571801095822529e-06,GO:0048858,0.0205083039758429,0.6174242424242424,7948.0,264.0,True,GO:BP,2,4
"""The process in which the anatomical structures of a neuron projection are generated and organized. A neuron projection is any process extending from a neural cell, such as axons or dendrites."" [GOC:mah]",1.495731938602901e-05,GO:0048812,0.0200050327126321,0.6138996138996139,7948.0,259.0,True,GO:BP,2,4
"""The process in which the anatomical structures of a plasma membrane bounded cell projection are generated and organized."" [GOC:krc]",1.5532717534733246e-05,GO:0120039,0.0201308505284348,0.6130268199233716,7948.0,261.0,True,GO:BP,2,4
"""The process in which the anatomical structures of a tube are generated and organized. Epithelial and endothelial tubes transport gases, liquids and cells from one site to another and form the basic structure of many organs and tissues, with tube shape and organization varying from the single-celled excretory organ in Caenorhabditis elegans to the branching trees of the mammalian kidney and insect tracheal system."" [GOC:bf, PMID:14624839]",0.0003947625256759,GO:0035239,0.0187468545546049,0.5983935742971888,7948.0,249.0,True,GO:BP,2,4
"""The process in which the anatomical structures of blood vessels are generated and organized. The blood vessel is the vasculature carrying blood."" [GOC:jid]",0.0116323918395791,GO:0048514,0.0134625062908907,0.601123595505618,7948.0,178.0,True,GO:BP,2,4
"""The process in which the migration of a neuron projection is directed to a specific target site in response to a combination of attractive and repulsive cues."" [GOC:BHF, GOC:rl, PMID:22790009]",0.0172258934674423,GO:0097485,0.0108203321590337,0.6187050359712231,7948.0,139.0,True,GO:BP,2,4
"""The process in which the structures of a neuron are generated and organized. This process occurs while the initially relatively unspecialized cell is acquiring the specialized features of a neuron."" [GOC:dph, GOC:tb]",4.454620701399294e-05,GO:0048667,0.0186210367388022,0.6141078838174274,7948.0,241.0,True,GO:BP,2,4
"""The process whose specific outcome is the progression of a blood vessel over time, from its formation to the mature structure. The blood vessel is the vasculature carrying blood."" [GOC:hjd, UBERON:0001981]",0.0007507497746669,GO:0001568,0.0154755913437342,0.6119402985074627,7948.0,201.0,True,GO:BP,2,4
"""The process whose specific outcome is the progression of a cartilage element over time, from its formation to the mature structure. Cartilage elements are skeletal elements that consist of connective tissue dominated by extracellular matrix containing collagen type II and large amounts of proteoglycan, particularly chondroitin sulfate."" [GOC:cjm, PMID:23251424]",0.0149151347208988,GO:0051216,0.0071716155007549,0.6705882352941176,7948.0,85.0,True,GO:BP,2,4
"""The process whose specific outcome is the progression of a neuron over time, from initial commitment of the cell to a specific fate, to the fully functional differentiated cell."" [GOC:dph]",8.156477466271367e-09,GO:0048666,0.0315802717664821,0.606280193236715,7948.0,414.0,True,GO:BP,2,4
"""The process whose specific outcome is the progression of a neuron projection over time, from its formation to the mature structure. A neuron projection is any process extending from a neural cell, such as axons or dendrites (collectively called neurites)."" [GOC:mah]",2.425361973032081e-07,GO:0031175,0.0264217413185707,0.6086956521739131,7948.0,345.0,True,GO:BP,2,4
"""The process whose specific outcome is the progression of a sensory system over time from its formation to the mature structure."" [GOC:dgh]",0.0045195294591766,GO:0048880,0.0221439355812783,0.567741935483871,7948.0,310.0,True,GO:BP,2,4
"""The process whose specific outcome is the progression of a tissue over time, from its formation to the mature structure."" [ISBN:0471245208]",6.932040473835012e-08,GO:0009888,0.0496980372420734,0.5610795454545454,7948.0,704.0,True,GO:BP,2,4
"""The process whose specific outcome is the progression of a tube over time, from its initial formation to a mature structure. Epithelial and endothelial tubes transport gases, liquids and cells from one site to another and form the basic structure of many organs and tissues including lung and trachea, kidney, the mammary gland, the vascular system and the gastrointestinal and urinary-genital tracts."" [PMID:12526790]",3.530033574163116e-05,GO:0035295,0.0239053850025163,0.5919003115264797,7948.0,321.0,True,GO:BP,2,4
"""The process whose specific outcome is the progression of an embryo from its formation until the end of its embryonic life stage. The end of the embryonic stage is organism-specific. For example, for mammals, the process would begin with zygote formation and end with birth. For insects, the process would begin at zygote formation and end with larval hatching. For plant zygotic embryos, this would be from zygote formation to the end of seed dormancy. For plant vegetative embryos, this would be from the initial determination of the cell or group of cells to form an embryo until the point when the embryo becomes independent of the parent plant."" [GOC:go_curators, GOC:isa_complete, GOC:mtg_sensu]",5.524618341001729e-07,GO:0009790,0.0363613487669854,0.5768463073852296,7948.0,501.0,True,GO:BP,2,4
"""The process whose specific outcome is the progression of an embryo over time, from zygote formation until the end of the embryonic life stage. The end of the embryonic life stage is organism-specific and may be somewhat arbitrary; for mammals it is usually considered to be birth, for insects the hatching of the first instar larva from the eggshell."" [GOC:go_curators, GOC:isa_complete, GOC:mtg_sensu]",9.44073546592386e-05,GO:0009792,0.0152239557121288,0.6302083333333334,7948.0,192.0,True,GO:BP,2,4
"""The process whose specific outcome is the progression of an epithelium over time, from its formation to the mature structure. An epithelium is a tissue that covers the internal or external surfaces of an anatomical structure."" [GOC:dph, GOC:mtg_lung]",0.0054050981059054,GO:0060429,0.0283090085556114,0.5501222493887531,7948.0,409.0,True,GO:BP,2,4
"""The process whose specific outcome is the progression of an organismal system over time, from its formation to the mature structure. A system is a regularly interacting or interdependent group of organs or tissues that work together to carry out a given biological process."" [GOC:dph, GOC:jid]",4.027597690291881e-27,GO:0048731,0.1192752893809763,0.575591985428051,7948.0,1647.0,True,GO:BP,2,4
"""The process whose specific outcome is the progression of nervous tissue over time, from its formation to its mature state."" [GOC:dgh]",3.990834841299465e-14,GO:0007399,0.0649219929542023,0.57847533632287,7948.0,892.0,True,GO:BP,2,4
"""The process whose specific outcome is the progression of sensory organs over time, from its formation to the mature structure."" [GOC:go_curators]",0.0002480705476091,GO:0007423,0.0250377453447408,0.5768115942028985,7948.0,345.0,True,GO:BP,2,4
"""The process whose specific outcome is the progression of the camera-type eye over time, from its formation to the mature structure. The camera-type eye is an organ of sight that receives light through an aperture and focuses it through a lens, projecting it on a photoreceptor field."" [GOC:go_curators, GOC:mtg_sensu]",0.0009456615083372,GO:0043010,0.0163563160543532,0.6046511627906976,7948.0,215.0,True,GO:BP,2,4
"""The process whose specific outcome is the progression of the central nervous system over time, from its formation to the mature structure. The central nervous system is the core nervous system that serves an integrating and coordinating function. In vertebrates it consists of the brain and spinal cord. In those invertebrates with a central nervous system it typically consists of a brain, cerebral ganglia and a nerve cord."" [GOC:bf, GOC:jid, ISBN:0582227089]",0.0012662856032592,GO:0007417,0.0242828384499245,0.5693215339233039,7948.0,339.0,True,GO:BP,2,4
"""The process whose specific outcome is the progression of the circulatory system over time, from its formation to the mature structure. The circulatory system is the organ system that passes nutrients (such as amino acids and electrolytes), gases, hormones, blood cells, etc. to and from cells in the body to help fight diseases and help stabilize body temperature and pH to maintain homeostasis."" [GOC:mah, UBERON:0001009]",8.593277222924504e-07,GO:0072359,0.0314544539506794,0.5868544600938967,7948.0,426.0,True,GO:BP,2,4
"""The process whose specific outcome is the progression of the embryo over time, from zygote formation through a stage including a notochord and neural tube until birth or egg hatching."" [GOC:mtg_sensu]",9.44073546592386e-05,GO:0043009,0.0152239557121288,0.6302083333333334,7948.0,192.0,True,GO:BP,2,4
"""The process whose specific outcome is the progression of the eye over time, from its formation to the mature structure. The eye is the organ of sight."" [GOC:jid, GOC:jl]",0.0260404575537184,GO:0001654,0.0181177654755913,0.5691699604743083,7948.0,253.0,True,GO:BP,2,4
"""The process whose specific outcome is the progression of the retina over time, from its formation to the mature structure. The retina is the innermost layer or coating at the back of the eyeball, which is sensitive to light and in which the optic nerve terminates."" [GOC:bf, GOC:dph, ISBN:0815340729]",0.0098016177124418,GO:0060041,0.0086814292903875,0.6509433962264151,7948.0,106.0,True,GO:BP,2,4
"""The process whose specific outcome is the progression of the skeleton over time, from its formation to the mature structure. The skeleton is the bony framework of the body in vertebrates (endoskeleton) or the hard outer envelope of insects (exoskeleton or dermoskeleton)."" [GOC:dph, GOC:jid, GOC:tb]",0.0001653510951519,GO:0001501,0.0128334172118772,0.6455696202531646,7948.0,158.0,True,GO:BP,2,4
"""The process whose specific outcome is the progression of the vasculature over time, from its formation to the mature structure. The vasculature is an interconnected tubular multi-tissue structure that contains fluid that is actively transported around the organism."" [GOC:dph, UBERON:0002409]",0.0004389945378889,GO:0001944,0.0176144942123804,0.603448275862069,7948.0,232.0,True,GO:BP,2,4
"""The process whose specific outcome is the progression of the visual system over time, from its formation to the mature structure, including the eye, parts of the central nervous system (CNS) involved in processing of visual inputs, and connecting nerve pathways."" [GOC:aruk, GOC:bc, GOC:krc, PMID:15004427, PMID:20647017, PMID:22632727]",0.0260404575537184,GO:0150063,0.0181177654755913,0.5691699604743083,7948.0,253.0,True,GO:BP,2,4
"""The progression of a connective tissue over time, from its formation to the mature structure."" [GOC:BHF]",0.0045205661108615,GO:0061448,0.0076748867639657,0.6777777777777778,7948.0,90.0,True,GO:BP,2,4
"""The progression of a muscle structure over time, from its formation to its mature state. Muscle structures are contractile cells, tissues or organs that are found in multicellular organisms."" [GOC:dph]",0.0010864976045096,GO:0061061,0.0154755913437342,0.6089108910891089,7948.0,202.0,True,GO:BP,2,4
"""The progression of an axon over time. Covers axonogenesis (de novo generation of an axon) and axon regeneration (regrowth), as well as processes pertaining to the progression of the axon over time (fasciculation and defasciculation)."" [GOC:dph, GOC:pg, GOC:pr]",1.93893569094031e-07,GO:0061564,0.0203824861600402,0.6377952755905512,7948.0,254.0,True,GO:BP,2,4
"""The repeating unit of a myofibril in a muscle cell, composed of an array of overlapping thick and thin filaments between two adjacent Z discs."" [ISBN:0815316194]",0.0001493797727524,GO:0030017,0.0084731683003821,0.6986301369863014,6019.0,73.0,True,GO:CC,2,4
"""The selective, non-covalent, often stoichiometric, interaction of a molecule with one or more specific sites on another molecule."" [GOC:ceb, GOC:mah, ISBN:0198506732]",1.739825628257521e-18,GO:0005488,0.7025916561314791,0.44197759957585,9492.0,15089.0,True,GO:MF,2,4
"""The series of molecular signals in which an intracellular signal is conveyed to trigger the apoptotic death of a cell. The pathway starts with reception of an intracellular signal (e.g. DNA damage, endoplasmic reticulum stress, oxidative stress etc.), and ends when the execution phase of apoptosis is triggered. The intrinsic apoptotic signaling pathway is crucially regulated by permeabilization of the mitochondrial outer membrane (MOMP)."" [GOC:mtg_apoptosis, GOC:yaf, PMID:11919192, PMID:17340152, PMID:18852119]",0.0482376215599219,GO:0097193,0.0036487166582788,0.7631578947368421,7948.0,38.0,True,GO:BP,2,4
"""The series of molecular signals initiated by activation of a receptor on the surface of a cell. The pathway begins with binding of an extracellular ligand to a cell surface receptor, or for receptors that signal in the absence of a ligand, by ligand-withdrawal or the activity of a constitutively active receptor. The pathway ends with regulation of a downstream cellular process, e.g. transcription."" [GOC:bf, GOC:mah, GOC:pr, GOC:signaling]",0.0008922342007348,GO:0007166,0.0691997986914947,0.5130597014925373,7948.0,1072.0,True,GO:BP,2,4
"""The series of molecular signals which triggers the apoptotic death of a cell. The pathway starts with reception of a signal, and ends when the execution phase of apoptosis is triggered."" [GOC:mtg_apoptosis]",0.0062415896802349,GO:0097190,0.0074232511323603,0.6781609195402298,7948.0,87.0,True,GO:BP,2,4
"""The space external to the outermost structure of a cell. For cells without external protective or external encapsulating structures this refers to space outside of the plasma membrane. This term covers the host cell environment outside an intracellular parasite."" [GOC:go_curators]",0.007997164134917,GO:0005576,0.0820734341252699,0.473633748801534,6019.0,1043.0,True,GO:CC,2,4
"""The synthesis of RNA from a DNA template by RNA polymerase II (RNAP II), originating at an RNA polymerase II promoter. Includes transcription of messenger RNA (mRNA) and certain small nuclear RNAs (snRNAs)."" [GOC:jl, GOC:txnOH, ISBN:0321000382]",0.001173697265305,GO:0006366,0.0728485153497735,0.5101321585903084,7948.0,1135.0,True,GO:BP,2,4
"""The synthesis of an RNA transcript from a DNA template."" [GOC:jl, GOC:txnOH]",8.77924083329354e-08,GO:0006351,0.1298439859084046,0.5091267883571781,7948.0,2027.0,True,GO:BP,2,4
Axon guidance,0.0051069945552283,REAC:R-DRE-422475,0.0389707719210592,0.6782608695652174,4003.0,230.0,True,REAC,1,4
Cardiac muscle contraction,0.0137507161306509,KEGG:04260,0.0249529190207156,0.8688524590163934,4248.0,122.0,True,KEGG,2,4
Cristae formation,0.0080600827197254,REAC:R-DRE-8949613,0.0042468148888333,1.0,4003.0,17.0,True,REAC,1,4
Developmental Biology,0.000873923783098,REAC:R-DRE-1266738,0.0509617786660005,0.6710526315789473,4003.0,304.0,True,REAC,1,4
Factor: C-Myc; motif: NGCCACGTGNN,7.096896084147477e-05,TF:M07601,0.2505183933645649,0.5489734096263884,13021.0,5942.0,True,TF,2,4
Factor: C-Myc; motif: NGCCACGTGNN; match class: 1,0.0039984850714209,TF:M07601_1,0.1626603179479302,0.5509885535900104,13021.0,3844.0,True,TF,2,4
Factor: Freac-4; motif: CTWAWGTAAACANWGN; match class: 1,0.0352708059627093,TF:M00292_1,0.1282543583442132,0.5506099571381471,13021.0,3033.0,True,TF,2,4
Factor: HNF3; motif: NWRARYAAAYANN,0.0062878360571673,TF:M00791,0.5123262422240995,0.5337654024643943,13021.0,12498.0,True,TF,2,4
Factor: HNF3A; motif: RWGTAAACAN; match class: 1,0.0064182559798969,TF:M01261_1,0.170801013747024,0.5492714250432206,13021.0,4049.0,True,TF,2,4
Factor: Max; motif: NNANCACGTGNTNN,0.0055772002826518,TF:M00119,0.3240918516242992,0.539779994883602,13021.0,7818.0,True,TF,2,4
Factor: Max; motif: NNANCACGTGNTNN; match class: 1,0.0055772002826518,TF:M00119_1,0.3240918516242992,0.539779994883602,13021.0,7818.0,True,TF,2,4
Factor: Myc; motif: CACGTGS,0.0135551473445182,TF:M00799,0.1621227248291221,0.548739277358981,13021.0,3847.0,True,TF,2,4
Factor: MyoD; motif: CASCTGNCN,0.0357088509159765,TF:M02100,0.0459258121496044,0.573346116970278,13021.0,1043.0,True,TF,2,4
Factor: Pax-5; motif: RRMSWGANWYCTNRAGCGKRACSRYNSM,0.0044795576535692,TF:M00144,0.4856001843176407,0.5347145877378435,13021.0,11825.0,True,TF,2,4
Factor: Pax-5; motif: RRMSWGANWYCTNRAGCGKRACSRYNSM; match class: 1,0.0005034506943294,TF:M00144_1,0.166193072728669,0.5541613316261204,13021.0,3905.0,True,TF,2,4
Factor: Pax-8; motif: NCNNTNNTGCRTGANNNN,0.0019004150282089,TF:M00328,0.6424237769756547,0.5316174134095965,13021.0,15735.0,True,TF,2,4
Factor: SMAD3; motif: TGTCTGTCT,0.0125627784392913,TF:M00701,0.2148836494892865,0.544463903483168,13021.0,5139.0,True,TF,2,4
Factor: Smad3; motif: NGNCAGACASNNN; match class: 1,2.0522319734682104e-05,TF:M01888_1,0.0627447968666001,0.5877697841726619,13021.0,1390.0,True,TF,2,4
Factor: c-Myc:Max; motif: GCCAYGYGSN,0.002886810631601,TF:M00322,0.1631979110667383,0.5515182974305736,13021.0,3853.0,True,TF,2,4
Factor: c-Myc:Max; motif: NNACCACGTGGTNN,0.000381252081047,TF:M00118,0.2834651716458029,0.5448774726896959,13021.0,6774.0,True,TF,2,4
Factor: c-Myc:Max; motif: NNACCACGTGGTNN; match class: 1,0.000381252081047,TF:M00118_1,0.2834651716458029,0.5448774726896959,13021.0,6774.0,True,TF,2,4
Factor: c-Myc:Max; motif: NNNNNNNCACGTGNNNNNNN,0.0001790997806958,TF:M00615,0.2922202595806774,0.5452070497205903,13021.0,6979.0,True,TF,2,4
Factor: c-Myc:Max; motif: NNNNNNNCACGTGNNNNNNN; match class: 1,0.0001790997806958,TF:M00615_1,0.2922202595806774,0.5452070497205903,13021.0,6979.0,True,TF,2,4
Factor: c-Myc; motif: KACCACGTGSYY; match class: 1,0.0024911834840329,TF:M01154_1,0.1155057215267644,0.5586924219910847,13021.0,2692.0,True,TF,2,4
Factor: c-Myc; motif: RACCACGTGCTC,0.0141436535631023,TF:M01145,0.2127332770140542,0.5444182389937107,13021.0,5088.0,True,TF,2,4
Formation of ATP by chemiosmotic coupling,0.0080600827197254,REAC:R-DRE-163210,0.0042468148888333,1.0,4003.0,17.0,True,REAC,1,4
G-protein mediated events,0.0183887374983802,REAC:R-DRE-112040,0.006994753934549,0.875,4003.0,32.0,True,REAC,1,4
Insulin signaling pathway,0.0035407101951525,KEGG:04910,0.0287193973634651,0.8714285714285714,4248.0,140.0,True,KEGG,2,4
Mitochondrial biogenesis,0.0244766768637246,REAC:R-DRE-1592230,0.0054958780914314,0.9166666666666666,4003.0,24.0,True,REAC,1,4
Nervous system development,0.0051069945552283,REAC:R-DRE-9675108,0.0389707719210592,0.6782608695652174,4003.0,230.0,True,REAC,1,4
Oxidative phosphorylation,0.0009075536483057,KEGG:00190,0.02424670433145,0.8956521739130435,4248.0,115.0,True,KEGG,2,4
PLC beta mediated events,0.029765219536875,REAC:R-DRE-112043,0.0067449412940294,0.8709677419354839,4003.0,31.0,True,REAC,1,4
